source,target
7ltDVBr6mKbRvohxheJ9h1,1Xyo4u8uXC1ZmMpatF05PJ
7ltDVBr6mKbRvohxheJ9h1,2p4aN0Uxkk3iT3HK0cJ2cJ
7ltDVBr6mKbRvohxheJ9h1,37230BxxYs9ksS7OkZw3IU
7ltDVBr6mKbRvohxheJ9h1,5qjnPRE33rMgYAxIjGUrI7
7ltDVBr6mKbRvohxheJ9h1,5L1lO4eRHmJ7a0Q6csE5cT
7ltDVBr6mKbRvohxheJ9h1,7w29UYBi0qsHi5RTcv3lmA
7ltDVBr6mKbRvohxheJ9h1,1mcTU81TzQhprhouKaTkpq
7ltDVBr6mKbRvohxheJ9h1,4kYSro6naA4h99UJvo89HB
7ltDVBr6mKbRvohxheJ9h1,4xe6s55EDjpRpyZsrFoiWh
7ltDVBr6mKbRvohxheJ9h1,5lwmRuXgjX8xIwlnauTZIP
7ltDVBr6mKbRvohxheJ9h1,6qqNVTkY8uBg9cP3Jd7DAH
7ltDVBr6mKbRvohxheJ9h1,0Y5tJX1MQlPlqiwlOH1tJY
7ltDVBr6mKbRvohxheJ9h1,1i8SpTcr7yvPOmcqrbnVXY
7ltDVBr6mKbRvohxheJ9h1,1vyhD5VmyZ7KMfW5gqLgo5
7ltDVBr6mKbRvohxheJ9h1,1oMiDFyAgmIzw9ZBQYHOJI
1Xyo4u8uXC1ZmMpatF05PJ,1gR0gsQYfi6joyO1dlp76N
1Xyo4u8uXC1ZmMpatF05PJ,7FNnA9vBm6EKceENgCGRMb
1Xyo4u8uXC1ZmMpatF05PJ,0Y5tJX1MQlPlqiwlOH1tJY
1Xyo4u8uXC1ZmMpatF05PJ,1moxjboGR7GNWYIMWsRjgG
1Xyo4u8uXC1ZmMpatF05PJ,1RyvyyTE3xzB2ZywiAwp0i
1Xyo4u8uXC1ZmMpatF05PJ,699OTQXzgjhIYAHMy9RyPD
1Xyo4u8uXC1ZmMpatF05PJ,6jU2Tt13MmXYk0ZBv1KmfO
1Xyo4u8uXC1ZmMpatF05PJ,00FQb4jTyendYWaN8pK0wa
1Xyo4u8uXC1ZmMpatF05PJ,4tZwfgrHOc3mvqYlEYSvVi
1Xyo4u8uXC1ZmMpatF05PJ,2YZyLoL8N0Wb9xBt1NhZWg
1Xyo4u8uXC1ZmMpatF05PJ,66CXWjxzNUsdJxJ2JdwvnR
1Xyo4u8uXC1ZmMpatF05PJ,23fqKkggKUBHNkbKtXEls4
1Xyo4u8uXC1ZmMpatF05PJ,13ubrt8QOOCPljQ2FL1Kca
1Xyo4u8uXC1ZmMpatF05PJ,50co4Is1HCEo8bhOyUWKpn
1Xyo4u8uXC1ZmMpatF05PJ,7c0XG5cIJTrrAgEC3ULPiq
1Xyo4u8uXC1ZmMpatF05PJ,4V8LLVI7PbaPR0K2TGSxFF
1Xyo4u8uXC1ZmMpatF05PJ,55Aa2cqylxrFIXC767Z865
1Xyo4u8uXC1ZmMpatF05PJ,1h6Cn3P4NGzXbaXidqURXs
1Xyo4u8uXC1ZmMpatF05PJ,2wPDbhaGXCqROrVmwDdCrK
1Xyo4u8uXC1ZmMpatF05PJ,6hyMWrxGBsOx6sWcVj1DqP
1Xyo4u8uXC1ZmMpatF05PJ,5PdkRVDASsw6P7QoqRpz0F
1Xyo4u8uXC1ZmMpatF05PJ,6qgnBH6iDM91ipVXv28OMu
1Xyo4u8uXC1ZmMpatF05PJ,57LYzLEk2LcFghVwuWbcuS
1Xyo4u8uXC1ZmMpatF05PJ,5TAipisjquAkq2o7lzMJyc
1Xyo4u8uXC1ZmMpatF05PJ,3hteYQFiMFbJY7wS0xDymP
1Xyo4u8uXC1ZmMpatF05PJ,2feDdbD5araYcm6JhFHHw7
1Xyo4u8uXC1ZmMpatF05PJ,6eUKZXaKkcviH0Ku9w2n3V
1Xyo4u8uXC1ZmMpatF05PJ,3TVXtAsR1Inumwj472S9r4
1Xyo4u8uXC1ZmMpatF05PJ,0UF7XLthtbSF2Eur7559oV
1Xyo4u8uXC1ZmMpatF05PJ,5gCRApTajqwbnHHPbr2Fpi
1Xyo4u8uXC1ZmMpatF05PJ,6tbjWDEIzxoDsBA1FuhfPW
1Xyo4u8uXC1ZmMpatF05PJ,4kBCXTJBl1aY9pDHONsjfr
1Xyo4u8uXC1ZmMpatF05PJ,250b0Wlc5Vk0CoUsaCY84M
1Xyo4u8uXC1ZmMpatF05PJ,1pBLC0qVRTB5zVMuteQ9jJ
1Xyo4u8uXC1ZmMpatF05PJ,59wfkuBoNyhDMQGCljbUbA
1Xyo4u8uXC1ZmMpatF05PJ,6vXTefBL93Dj5IqAWq6OTv
1Xyo4u8uXC1ZmMpatF05PJ,1URnnhqYAYcrqrcwql10ft
1Xyo4u8uXC1ZmMpatF05PJ,4q3ewBCX7sLwd24euuV69X
1Xyo4u8uXC1ZmMpatF05PJ,3WGpXCj9YhhfX11TToZcXP
1Xyo4u8uXC1ZmMpatF05PJ,0KVIja3XDIh9zXkKO2FI2A
1Xyo4u8uXC1ZmMpatF05PJ,5f7VJjfbwm532GiveGC0ZK
1Xyo4u8uXC1ZmMpatF05PJ,1se3w7gpZkwcJYgHSPDoQ8
1Xyo4u8uXC1ZmMpatF05PJ,5W10uJRsbt9bROJDKoI1Wn
1Xyo4u8uXC1ZmMpatF05PJ,0iEtIxbK0KxaSlF7G42ZOp
1Xyo4u8uXC1ZmMpatF05PJ,7lbOsvk3lUWYry0Kjzsj5V
1Xyo4u8uXC1ZmMpatF05PJ,4bU2sBWgXJtViut3q68o5m
1Xyo4u8uXC1ZmMpatF05PJ,5Igpc9iLZ3YGtKeYfSrrOE
1Xyo4u8uXC1ZmMpatF05PJ,2ABBMkcUeM9hdpimo86mo6
1Xyo4u8uXC1ZmMpatF05PJ,246dkjvS1zLTtiykXe5h60
1Xyo4u8uXC1ZmMpatF05PJ,5K4W6rqBFWDnAN6FQUkS6x
1Xyo4u8uXC1ZmMpatF05PJ,0FOWNUFHPnMy0vOw1siGqi
1Xyo4u8uXC1ZmMpatF05PJ,20qISvAhX20dpIbOOzGK3q
1Xyo4u8uXC1ZmMpatF05PJ,7ltDVBr6mKbRvohxheJ9h1
1Xyo4u8uXC1ZmMpatF05PJ,30DhU7BDmF4PH0JVhu8ZRg
1Xyo4u8uXC1ZmMpatF05PJ,1r4hJ1h58CWwUQe3MxPuau
1Xyo4u8uXC1ZmMpatF05PJ,6I3M904Y9IwgDjrQ9pANiB
1Xyo4u8uXC1ZmMpatF05PJ,738wLrAtLtCtFOLvQBXOXp
1Xyo4u8uXC1ZmMpatF05PJ,4tOVIRjlWWfR1RrAxyRqTE
1Xyo4u8uXC1ZmMpatF05PJ,2KofAEA8S0jDDXjSg6a3HR
1Xyo4u8uXC1ZmMpatF05PJ,7CajNmpbOovFoOoasH2HaY
1Xyo4u8uXC1ZmMpatF05PJ,4MCBfE4596Uoi2O4DtmEMz
1Xyo4u8uXC1ZmMpatF05PJ,5cj0lLjcoR7YOSnhnX0Po5
1Xyo4u8uXC1ZmMpatF05PJ,4O15NlyKLIASxsJ0PrXPfz
1Xyo4u8uXC1ZmMpatF05PJ,6yP3ZB6Fy3U4IBlHjcLS4Q
1Xyo4u8uXC1ZmMpatF05PJ,1Dt1UKLtrJIW1xxRBejjos
1Xyo4u8uXC1ZmMpatF05PJ,13y7CgLHjMVRMDqxdx0Xdo
1Xyo4u8uXC1ZmMpatF05PJ,5eIbEEQnDM8yuDVB0bimSP
1Xyo4u8uXC1ZmMpatF05PJ,60d24wfXkVzDSfLS6hyCjZ
1Xyo4u8uXC1ZmMpatF05PJ,7dGJo4pcD2V6oG8kP0tJRR
1Xyo4u8uXC1ZmMpatF05PJ,0hCNtLu0JehylgoiP8L4Gh
1Xyo4u8uXC1ZmMpatF05PJ,137W8MRPWKqSmrBGDBFSop
1Xyo4u8uXC1ZmMpatF05PJ,0YinUQ50QDB7ZxSCLyQ40k
2p4aN0Uxkk3iT3HK0cJ2cJ,3VHAySZQPlfGlNLslzXYpN
2p4aN0Uxkk3iT3HK0cJ2cJ,4SQdUpG4f7UbkJG3cJ2Iyj
2p4aN0Uxkk3iT3HK0cJ2cJ,1y8spb5Thg0p5ybNtdk4tu
2p4aN0Uxkk3iT3HK0cJ2cJ,5FkUhnHQ0KC63549LHHtst
2p4aN0Uxkk3iT3HK0cJ2cJ,5MraexJKZDrQYzS98kNwie
2p4aN0Uxkk3iT3HK0cJ2cJ,1pi7nGhOM7PTHR5YEgXVGq
2p4aN0Uxkk3iT3HK0cJ2cJ,3KedxarmBCyFBevnqQHy3P
2p4aN0Uxkk3iT3HK0cJ2cJ,0GM7qgcRCORpGnfcN2tCiB
2p4aN0Uxkk3iT3HK0cJ2cJ,6YVMFz59CuY7ngCxTxjpxE
2p4aN0Uxkk3iT3HK0cJ2cJ,3VwKSHAfgzV1DOHV0aANCI
2p4aN0Uxkk3iT3HK0cJ2cJ,6wMr4zKPrrR0UVz08WtUWc
2p4aN0Uxkk3iT3HK0cJ2cJ,6hoEOl9IznIMCpG5fyUS09
2p4aN0Uxkk3iT3HK0cJ2cJ,2W6WP4pHQTFlbr2z9S4n54
2p4aN0Uxkk3iT3HK0cJ2cJ,34Y7klgDHuaH1qWA9TJkul
2p4aN0Uxkk3iT3HK0cJ2cJ,3DbwFQlvLxRSi2uX8mf81A
2p4aN0Uxkk3iT3HK0cJ2cJ,4PzYKhC14sTJNEr0dzoo0d
2p4aN0Uxkk3iT3HK0cJ2cJ,1GDbiv3spRmZ1XdM1jQbT7
2p4aN0Uxkk3iT3HK0cJ2cJ,7B1LLuCQk13H4Mb6CFBftU
2p4aN0Uxkk3iT3HK0cJ2cJ,1jgSqmZTBltb5O2L7ErmEP
2p4aN0Uxkk3iT3HK0cJ2cJ,2M2blWl1LBN2UoxlJdaug2
2p4aN0Uxkk3iT3HK0cJ2cJ,3qOGTt4eTeEkCn3efhAGu2
2p4aN0Uxkk3iT3HK0cJ2cJ,738wLrAtLtCtFOLvQBXOXp
2p4aN0Uxkk3iT3HK0cJ2cJ,4HJnsUVBubdKJ2aV0sr48u
2p4aN0Uxkk3iT3HK0cJ2cJ,4F4pp8NUW08JuXwnoxglpN
2p4aN0Uxkk3iT3HK0cJ2cJ,3qsKSpcV3ncke3hw52JSMB
2p4aN0Uxkk3iT3HK0cJ2cJ,6AMd49uBDJfhf30Ak2QR5s
2p4aN0Uxkk3iT3HK0cJ2cJ,6B1OtjbuEkKs8RV3HruvJO
2p4aN0Uxkk3iT3HK0cJ2cJ,07ZOmCinJ1Wa68rEbKiE5o
2p4aN0Uxkk3iT3HK0cJ2cJ,0elWFr7TW8piilVRYJUe4P
2p4aN0Uxkk3iT3HK0cJ2cJ,6tbjWDEIzxoDsBA1FuhfPW
2p4aN0Uxkk3iT3HK0cJ2cJ,2R21vXR83lH98kGeO99Y66
2p4aN0Uxkk3iT3HK0cJ2cJ,12vb80Km0Ew53ABfJOepVz
2p4aN0Uxkk3iT3HK0cJ2cJ,1i8SpTcr7yvPOmcqrbnVXY
2p4aN0Uxkk3iT3HK0cJ2cJ,4DxlG8gbthzgDeDZiywaoQ
2p4aN0Uxkk3iT3HK0cJ2cJ,1otleRGxIU5q64yzCNUHsi
2p4aN0Uxkk3iT3HK0cJ2cJ,5XJDexmWFLWOkjOEjOVX3e
2p4aN0Uxkk3iT3HK0cJ2cJ,43UmVQp9qZILibJ5vHq21k
2p4aN0Uxkk3iT3HK0cJ2cJ,4xe6s55EDjpRpyZsrFoiWh
2p4aN0Uxkk3iT3HK0cJ2cJ,7w0t8O8nbirfLvGJgKK0xk
2p4aN0Uxkk3iT3HK0cJ2cJ,1tfhFc2Y8iplDKCteuXjCY
2p4aN0Uxkk3iT3HK0cJ2cJ,1ZbuFVK9SeRYrZfQLkNzah
2p4aN0Uxkk3iT3HK0cJ2cJ,64KEffDW9EtZ1y2vBYgq8T
2p4aN0Uxkk3iT3HK0cJ2cJ,3XlmlCduqAlfsTPNAR0zIK
2p4aN0Uxkk3iT3HK0cJ2cJ,4tmsSGhsR7ovyg478pebXh
2p4aN0Uxkk3iT3HK0cJ2cJ,6Fs3AKFsg15trpdu92f7WR
2p4aN0Uxkk3iT3HK0cJ2cJ,5H1nN1SzW0qNeUEZvuXjAj
2p4aN0Uxkk3iT3HK0cJ2cJ,7ltDVBr6mKbRvohxheJ9h1
2p4aN0Uxkk3iT3HK0cJ2cJ,1vyhD5VmyZ7KMfW5gqLgo5
2p4aN0Uxkk3iT3HK0cJ2cJ,1AACxWCwNIa3ecOBQJnXRV
2p4aN0Uxkk3iT3HK0cJ2cJ,37UACiDcdzEYii0iU0QpAf
2p4aN0Uxkk3iT3HK0cJ2cJ,3wfR3UWVamX7S1q0yDaUJu
2p4aN0Uxkk3iT3HK0cJ2cJ,3tZdknQnzsVIIdaGCTj4RX
2p4aN0Uxkk3iT3HK0cJ2cJ,4ncaw2cfA3Wlly1tBD2eWt
2p4aN0Uxkk3iT3HK0cJ2cJ,4UcGO4hOufILa9qGd3KOCo
2p4aN0Uxkk3iT3HK0cJ2cJ,4riOEaOW5hCeqomFDBk0aP
2p4aN0Uxkk3iT3HK0cJ2cJ,68KUcl8ndJO5nUcLkuwIjI
2p4aN0Uxkk3iT3HK0cJ2cJ,5WvieVIoHClsy28GslSkOZ
2p4aN0Uxkk3iT3HK0cJ2cJ,5ImkeVBlU11axX5QwOWg12
2p4aN0Uxkk3iT3HK0cJ2cJ,2061nJAmY52Z8zAVjGFkTv
2p4aN0Uxkk3iT3HK0cJ2cJ,1m82A2YUjBaQnLAFi9vjJv
2p4aN0Uxkk3iT3HK0cJ2cJ,4NEqPORTyRAaVwrEAATFWO
2p4aN0Uxkk3iT3HK0cJ2cJ,6pf7nPZ3UuTq63Np4bRoRG
2p4aN0Uxkk3iT3HK0cJ2cJ,3KSHZAC6p2dgrF6RAaZHh7
2p4aN0Uxkk3iT3HK0cJ2cJ,2w1wJcGdJQ4Lw08oKBnDsw
2p4aN0Uxkk3iT3HK0cJ2cJ,128ftF9X7Kd7Di2fq3wYVs
2p4aN0Uxkk3iT3HK0cJ2cJ,7cYik4OyfBXYV5Z2TI7p90
37230BxxYs9ksS7OkZw3IU,540vIaP2JwjQb9dm3aArA4
37230BxxYs9ksS7OkZw3IU,6w9ToX5slZ4uIdmD17hJ3c
37230BxxYs9ksS7OkZw3IU,1mcTU81TzQhprhouKaTkpq
37230BxxYs9ksS7OkZw3IU,4IMAo2UQchVFyPH24PAjUs
37230BxxYs9ksS7OkZw3IU,2cPqdH7XMvwaBJEVjheH8g
37230BxxYs9ksS7OkZw3IU,12GqGscKJx3aE4t07u7eVZ
37230BxxYs9ksS7OkZw3IU,1vyhD5VmyZ7KMfW5gqLgo5
37230BxxYs9ksS7OkZw3IU,00me4Ke1LsvMxt5kydlMyU
37230BxxYs9ksS7OkZw3IU,1i8SpTcr7yvPOmcqrbnVXY
37230BxxYs9ksS7OkZw3IU,51XrH5fQP2oIQynuKxSWcW
37230BxxYs9ksS7OkZw3IU,1DxLCyH42yaHKGK3cl5bvG
37230BxxYs9ksS7OkZw3IU,3m5qlPf2OkihLz3dRYnkPA
37230BxxYs9ksS7OkZw3IU,3E6xrwgnVfYCrCs0ePERDz
37230BxxYs9ksS7OkZw3IU,1GKIlPFdcewHtpDVCQ8zmJ
37230BxxYs9ksS7OkZw3IU,2R21vXR83lH98kGeO99Y66
37230BxxYs9ksS7OkZw3IU,6nVcHLIgY5pE2YCl8ubca1
37230BxxYs9ksS7OkZw3IU,7j6DKwmjbxvpQO8h914uEz
37230BxxYs9ksS7OkZw3IU,33ScadVnbm2X8kkUqOkC6Z
37230BxxYs9ksS7OkZw3IU,3qcl8ck0RTpenPbFmZa2p5
37230BxxYs9ksS7OkZw3IU,1TtXnWcUs0FCkaZDPGYHdf
37230BxxYs9ksS7OkZw3IU,1wZtkThiXbVNtj6hee6dz9
37230BxxYs9ksS7OkZw3IU,1r4hJ1h58CWwUQe3MxPuau
37230BxxYs9ksS7OkZw3IU,0qTZZWLzuD59Un5r1speHm
37230BxxYs9ksS7OkZw3IU,12vb80Km0Ew53ABfJOepVz
37230BxxYs9ksS7OkZw3IU,2LmcxBak1alK1bf7d1beTr
37230BxxYs9ksS7OkZw3IU,0n6sKrG0xKAf8xmdqeNGke
37230BxxYs9ksS7OkZw3IU,2oQX8QiMXOyuqbcZEFsZfm
37230BxxYs9ksS7OkZw3IU,329e4yvIujISKGKz1BZZbO
37230BxxYs9ksS7OkZw3IU,14zUHaJZo1mnYtn6IBRaRP
37230BxxYs9ksS7OkZw3IU,7iK8PXO48WeuP03g8YR51W
37230BxxYs9ksS7OkZw3IU,1pf0MPKfKdvS8J779mS1Ay
37230BxxYs9ksS7OkZw3IU,0GM7qgcRCORpGnfcN2tCiB
37230BxxYs9ksS7OkZw3IU,1GAymyGBvB4gQy5Z5LZ1Wj
37230BxxYs9ksS7OkZw3IU,6w3SkAHYPsQ1bxV7VDlG5y
37230BxxYs9ksS7OkZw3IU,5bWUlnPx9OYKsLiUJrhCA1
37230BxxYs9ksS7OkZw3IU,3fZk3Gm5dN5v5yfYMQ04Bx
37230BxxYs9ksS7OkZw3IU,4SsVbpTthjScTS7U2hmr1X
37230BxxYs9ksS7OkZw3IU,1GDbiv3spRmZ1XdM1jQbT7
37230BxxYs9ksS7OkZw3IU,4QrBoWLm2WNlPdbFhmlaUZ
37230BxxYs9ksS7OkZw3IU,1Ts9of7VPZElwPQnqnDSfW
37230BxxYs9ksS7OkZw3IU,0KPX4Ucy9dk82uj4GpKesn
37230BxxYs9ksS7OkZw3IU,1pQWsZQehhS4wavwh7Fnxd
37230BxxYs9ksS7OkZw3IU,00XhexlJEXQstHimpZN910
37230BxxYs9ksS7OkZw3IU,2jSGzJw0ebJLu7OLVSOcBP
5qjnPRE33rMgYAxIjGUrI7,1SCrMreNPJYSRZIlRe9SUq
5qjnPRE33rMgYAxIjGUrI7,473Xxv1N3YJJdKxYH0XaiX
5qjnPRE33rMgYAxIjGUrI7,1XEVu7gdRFfzEFqsPrancH
5qjnPRE33rMgYAxIjGUrI7,5Q81rlcTFh3k6DQJXPdsot
5qjnPRE33rMgYAxIjGUrI7,2D8UzkIVdg1bj0Iqz6gjk0
5qjnPRE33rMgYAxIjGUrI7,569eg6JD5GgpfbGJ1b81b5
5qjnPRE33rMgYAxIjGUrI7,2i9uaNzfUtuApAjEf1omV8
5qjnPRE33rMgYAxIjGUrI7,4jbtfb5mOGveUu9bTYIvEZ
5qjnPRE33rMgYAxIjGUrI7,66ihevNkSYNzRAl44dx6jJ
5qjnPRE33rMgYAxIjGUrI7,0E7WsCb48fluq4XkZOgJYl
5qjnPRE33rMgYAxIjGUrI7,0ONc371uQqOdKkCwsrcp9Z
5qjnPRE33rMgYAxIjGUrI7,1NTTlLcsHvqOZFC6CQp6Ka
5qjnPRE33rMgYAxIjGUrI7,1jRwxa8eTgXDOhOlbRFFFy
5qjnPRE33rMgYAxIjGUrI7,2op8AnWkI11yZAv1KwS9Ck
5L1lO4eRHmJ7a0Q6csE5cT,5cj0lLjcoR7YOSnhnX0Po5
5L1lO4eRHmJ7a0Q6csE5cT,5KKpBU5eC2tJDzf0wmlRp2
5L1lO4eRHmJ7a0Q6csE5cT,7ltDVBr6mKbRvohxheJ9h1
5L1lO4eRHmJ7a0Q6csE5cT,540vIaP2JwjQb9dm3aArA4
5L1lO4eRHmJ7a0Q6csE5cT,1i8SpTcr7yvPOmcqrbnVXY
5L1lO4eRHmJ7a0Q6csE5cT,181bsRPaVXVlUKXrxwZfHK
7w29UYBi0qsHi5RTcv3lmA,5VF0YkVLeVD4ytyiyVSIiF
7w29UYBi0qsHi5RTcv3lmA,2q51gH6fgmHILYSIfsVkU5
7w29UYBi0qsHi5RTcv3lmA,7MrUhoxTFdz4HWkm0VIooA
7w29UYBi0qsHi5RTcv3lmA,4cXE1g28uYrIaUisUx5cJt
7w29UYBi0qsHi5RTcv3lmA,1O9iHQjrVuiAYOJFCBeFSl
7w29UYBi0qsHi5RTcv3lmA,12R7qewDMpYUVD2ro9iwMD
7w29UYBi0qsHi5RTcv3lmA,4SQdUpG4f7UbkJG3cJ2Iyj
7w29UYBi0qsHi5RTcv3lmA,2X3e2rDdxibDfJGv0CwS7A
7w29UYBi0qsHi5RTcv3lmA,6VJZYivuYJGCrPuOAnI7Qo
7w29UYBi0qsHi5RTcv3lmA,5gJOBb22ZACiSze64bBUoI
7w29UYBi0qsHi5RTcv3lmA,11dMqVZY4PHgVL80tejvHK
7w29UYBi0qsHi5RTcv3lmA,3NdnlSf7ZoSwF1gY9FUv5j
7w29UYBi0qsHi5RTcv3lmA,5RADpgYLOuS2ZxDq7ggYYH
7w29UYBi0qsHi5RTcv3lmA,0zdn1nNmOZXHZ9K28FvcFp
7w29UYBi0qsHi5RTcv3lmA,3PoL7vyzUvuRYFu9snvpTd
7w29UYBi0qsHi5RTcv3lmA,7w0e6inAfRWIEb9tWVgB7a
7w29UYBi0qsHi5RTcv3lmA,2ksdYhpc8flcR6XxcuajIY
7w29UYBi0qsHi5RTcv3lmA,1zrqDVuh55auIRthalFdXp
7w29UYBi0qsHi5RTcv3lmA,6B9SjvZNSQZkeJDH17oBSO
7w29UYBi0qsHi5RTcv3lmA,5mas1l5RaX22I4tnrQ0NZj
7w29UYBi0qsHi5RTcv3lmA,4CvTDPKA6W06DRfBnZKrau
7w29UYBi0qsHi5RTcv3lmA,2voUqTr28IosnfyX9h9Vic
7w29UYBi0qsHi5RTcv3lmA,31DXlldabwPHwu6dYevuzK
7w29UYBi0qsHi5RTcv3lmA,4NfBQa9MnTBmZUgiSmec8X
7w29UYBi0qsHi5RTcv3lmA,1whTuTCtus0hC556oKTZpp
7w29UYBi0qsHi5RTcv3lmA,1Kuzl5TprdfmyLnBlZiYVn
7w29UYBi0qsHi5RTcv3lmA,1G0Xwj8mza6b03iYkVdzDP
7w29UYBi0qsHi5RTcv3lmA,4H0zGQILA7vJKl0ot2OYBf
7w29UYBi0qsHi5RTcv3lmA,1DAJPl1Q9bNwPGUqL08nzG
7w29UYBi0qsHi5RTcv3lmA,3YGigudQiWDb5NdJOC5StS
7w29UYBi0qsHi5RTcv3lmA,6L1ToRyC1MShqZCpP6UGZZ
7w29UYBi0qsHi5RTcv3lmA,6DvcKNW1Fs3B4aAktmpb2S
7w29UYBi0qsHi5RTcv3lmA,4D57ApL3ZxruHW4hpWz7dT
7w29UYBi0qsHi5RTcv3lmA,2vYr8wLtf4UqGX1fDgMBfs
7w29UYBi0qsHi5RTcv3lmA,2QLVK7FziSCRQxO9ZoXzHQ
7w29UYBi0qsHi5RTcv3lmA,5CDTMeaU6dnv24n6e4uAtk
7w29UYBi0qsHi5RTcv3lmA,7jCV5SALc0WQePB2Rl5ABw
7w29UYBi0qsHi5RTcv3lmA,4CW4RmE4tvJ16GSrr5wsN7
7w29UYBi0qsHi5RTcv3lmA,02fDf7HEPtBZLtPzCyxSR2
7w29UYBi0qsHi5RTcv3lmA,23QKqAkKwti9zBiac6RFBA
7w29UYBi0qsHi5RTcv3lmA,5eitAUlYmlha3LLWg7aBn5
7w29UYBi0qsHi5RTcv3lmA,4Ctxu9EmE33QV5VKLaCphL
7w29UYBi0qsHi5RTcv3lmA,5f9mN2BvnOlceQgH4QIH4O
7w29UYBi0qsHi5RTcv3lmA,543jOiqi5zLNZIOv7rA6rg
7w29UYBi0qsHi5RTcv3lmA,2UN3X76v25g6lhcZAB1xUU
7w29UYBi0qsHi5RTcv3lmA,7o2Y6TQr9B0ynZGhUDAkyj
7w29UYBi0qsHi5RTcv3lmA,6FP6ynzSPeBFX46vkI1OsW
7w29UYBi0qsHi5RTcv3lmA,1oMiDFyAgmIzw9ZBQYHOJI
7w29UYBi0qsHi5RTcv3lmA,6olWbKW2VLhFCHfOi0iEDb
7w29UYBi0qsHi5RTcv3lmA,4jB7jM2DrBVJ3tSS6IhK67
7w29UYBi0qsHi5RTcv3lmA,32r3mXXnLIa6X78wycaxht
7w29UYBi0qsHi5RTcv3lmA,1XKRmZeOiMDZ9Fmf1lOgC7
7w29UYBi0qsHi5RTcv3lmA,6qEM4txXHvfMbOUOK9L7pl
7w29UYBi0qsHi5RTcv3lmA,5m4idUASUy2Pcd05YRG3M9
7w29UYBi0qsHi5RTcv3lmA,4zlaQK6jDwAi1tvdDMJOu3
7w29UYBi0qsHi5RTcv3lmA,0IF46mUS8NXjgHabxk2MCM
7w29UYBi0qsHi5RTcv3lmA,1TzvxOvPV19Pr7UiCne5Ei
7w29UYBi0qsHi5RTcv3lmA,4s1cpJaXbyiMd3BTlUWeLb
7w29UYBi0qsHi5RTcv3lmA,7AiamoV760pPGGM5PbOC6X
7w29UYBi0qsHi5RTcv3lmA,4K9tGGFyw0Rab8akZVBMQR
7w29UYBi0qsHi5RTcv3lmA,4mcH3WoxUUWfEMdbLZhS4M
7w29UYBi0qsHi5RTcv3lmA,24JRvbKfTcF2x7c2kCCJrW
7w29UYBi0qsHi5RTcv3lmA,29VV0vylfwQs1fPHOXSVvd
7w29UYBi0qsHi5RTcv3lmA,0xBkYJzwFzcIYev4fOkvk0
7w29UYBi0qsHi5RTcv3lmA,4YH1gcNLGkmYvKetcNnMjV
7w29UYBi0qsHi5RTcv3lmA,1QTllrqFFu2P0hKJ1AAqVy
7w29UYBi0qsHi5RTcv3lmA,08pE6Ndx7B309z5Dk4B7zi
7w29UYBi0qsHi5RTcv3lmA,65g8RO3JqCUTigI7YR3dAw
7w29UYBi0qsHi5RTcv3lmA,3TAQLbDXwnRbdIgrjDciPO
7w29UYBi0qsHi5RTcv3lmA,5FPHME2fJKnGAHgkHaDvaZ
7w29UYBi0qsHi5RTcv3lmA,3PMIfI12taUXtEQuNIaE2C
7w29UYBi0qsHi5RTcv3lmA,3hXDMlrPegHRO0zUvBsRSI
7w29UYBi0qsHi5RTcv3lmA,5akVqMzdZOdbMYbE4vNZWD
7w29UYBi0qsHi5RTcv3lmA,2RlVCWAKOJ5jSXgHtuXHyW
7w29UYBi0qsHi5RTcv3lmA,2ZnP7Vw0Rkz8KksxReWfji
7w29UYBi0qsHi5RTcv3lmA,2oF789VI1vgeMxlBBBSX66
7w29UYBi0qsHi5RTcv3lmA,2YzUXecwzcOdlJsnpnJfkJ
7w29UYBi0qsHi5RTcv3lmA,2K1gByvjJGIIrvSRtUeg8m
7w29UYBi0qsHi5RTcv3lmA,3dE92yGWcrboP1kC5SWyqu
7w29UYBi0qsHi5RTcv3lmA,1F4K6hsSmym2Q7WSMlIKDt
7w29UYBi0qsHi5RTcv3lmA,2SYqJ3uDLLXZNyZdLKBy4M
7w29UYBi0qsHi5RTcv3lmA,5HlXA01kcjssYDT7EoqUJF
7w29UYBi0qsHi5RTcv3lmA,7qdsk0UXx2jCX7jbp6rxeq
7w29UYBi0qsHi5RTcv3lmA,5Il27M5JXuQLgwDgVrQMgo
7w29UYBi0qsHi5RTcv3lmA,10gszfuQqz2AHbVSCXQjQl
7w29UYBi0qsHi5RTcv3lmA,1O6TahYlCzlKSsG5Yp4LVh
7w29UYBi0qsHi5RTcv3lmA,1PXHzxRDiLnjqNrRn2Xbsa
7w29UYBi0qsHi5RTcv3lmA,5Fkj0k7EPUhIsESSIEA9f1
7w29UYBi0qsHi5RTcv3lmA,0mCdmt2O8dd8jJWv7m24EE
7w29UYBi0qsHi5RTcv3lmA,650yneM4bWacnhMkhcsmuh
7w29UYBi0qsHi5RTcv3lmA,1zxmHkQCUfZYDjwV6MYjZN
7w29UYBi0qsHi5RTcv3lmA,0REdMhvkyUL1SkEEftZwjN
7w29UYBi0qsHi5RTcv3lmA,4zOEbGsiNi7qGWdyDv43gx
7w29UYBi0qsHi5RTcv3lmA,5RYgTQaoVCymwQtmuR6iYY
7w29UYBi0qsHi5RTcv3lmA,2fJHMeuspM4oi9ESYfpUIX
7w29UYBi0qsHi5RTcv3lmA,3w0vR06WHMVwMe1G20wmlS
1mcTU81TzQhprhouKaTkpq,4q3ewBCX7sLwd24euuV69X
1mcTU81TzQhprhouKaTkpq,2RdwBSPQiwcmiDo9kixcl8
1mcTU81TzQhprhouKaTkpq,3AP96neoRZgep3w7wvhubP
1mcTU81TzQhprhouKaTkpq,6TKygPpVT29oGUogu4J9Ec
1mcTU81TzQhprhouKaTkpq,7tU1VKOuxiNZwBZC6RHidA
1mcTU81TzQhprhouKaTkpq,2LRoIwlKmHjgvigdNGBHNo
1mcTU81TzQhprhouKaTkpq,5lwmRuXgjX8xIwlnauTZIP
1mcTU81TzQhprhouKaTkpq,2e4nwiX8ZCU09LGLOpeqTH
1mcTU81TzQhprhouKaTkpq,37BIBvfliXJpSgn10yQUJM
1mcTU81TzQhprhouKaTkpq,6XTGKOV9jceQ6f67lnhpbF
1mcTU81TzQhprhouKaTkpq,2OHKEe204spO7G7NcbeO2o
1mcTU81TzQhprhouKaTkpq,3jGlU8UMMo44I2xeLQ6FD3
1mcTU81TzQhprhouKaTkpq,7Gi6gjaWy3DxyilpF1a8Is
1mcTU81TzQhprhouKaTkpq,4IMAo2UQchVFyPH24PAjUs
1mcTU81TzQhprhouKaTkpq,6p2442ymrT9lZEuCZJdYcH
1mcTU81TzQhprhouKaTkpq,7mWCSSOYqm4E9mB7V4ot6S
1mcTU81TzQhprhouKaTkpq,716NhGYqD1jl2wI1Qkgq36
1mcTU81TzQhprhouKaTkpq,0GgyFUpOyzWDRDqx8FCTDN
1mcTU81TzQhprhouKaTkpq,2YTyoyU90b3CF5x91YjVaQ
1mcTU81TzQhprhouKaTkpq,3z26llYP0dIzgnmUp2vSAw
1mcTU81TzQhprhouKaTkpq,4VMYDCV2IEDYJArk749S6m
1mcTU81TzQhprhouKaTkpq,4SsVbpTthjScTS7U2hmr1X
1mcTU81TzQhprhouKaTkpq,5jNjbQYkujIbjSvvKroBlv
1mcTU81TzQhprhouKaTkpq,1Ts9of7VPZElwPQnqnDSfW
1mcTU81TzQhprhouKaTkpq,1GKIlPFdcewHtpDVCQ8zmJ
1mcTU81TzQhprhouKaTkpq,1OFOShsIbhy1l5x73yuVyB
1mcTU81TzQhprhouKaTkpq,1RyvyyTE3xzB2ZywiAwp0i
1mcTU81TzQhprhouKaTkpq,1fctva4kpRbg2k3v7kwRuS
1mcTU81TzQhprhouKaTkpq,7c0XG5cIJTrrAgEC3ULPiq
1mcTU81TzQhprhouKaTkpq,6NmMI7UnfmIpLRYoz8H9jm
1mcTU81TzQhprhouKaTkpq,37230BxxYs9ksS7OkZw3IU
1mcTU81TzQhprhouKaTkpq,0GM7qgcRCORpGnfcN2tCiB
1mcTU81TzQhprhouKaTkpq,11usEAQkFE6UJwsyAKkchi
1mcTU81TzQhprhouKaTkpq,7FNnA9vBm6EKceENgCGRMb
1mcTU81TzQhprhouKaTkpq,77ziqFxp5gaInVrF2lj4ht
1mcTU81TzQhprhouKaTkpq,21451j1KhjAiaYKflxBjr1
1mcTU81TzQhprhouKaTkpq,7B1LLuCQk13H4Mb6CFBftU
1mcTU81TzQhprhouKaTkpq,1vyhD5VmyZ7KMfW5gqLgo5
1mcTU81TzQhprhouKaTkpq,6Xgp2XMz1fhVYe7i6yNAax
1mcTU81TzQhprhouKaTkpq,2R21vXR83lH98kGeO99Y66
1mcTU81TzQhprhouKaTkpq,1wZtkThiXbVNtj6hee6dz9
1mcTU81TzQhprhouKaTkpq,7qYeIN2r4H1kBvr0Gm9Iav
1mcTU81TzQhprhouKaTkpq,7iK8PXO48WeuP03g8YR51W
1mcTU81TzQhprhouKaTkpq,51XrH5fQP2oIQynuKxSWcW
1mcTU81TzQhprhouKaTkpq,0KPX4Ucy9dk82uj4GpKesn
1mcTU81TzQhprhouKaTkpq,1pQWsZQehhS4wavwh7Fnxd
1mcTU81TzQhprhouKaTkpq,329e4yvIujISKGKz1BZZbO
1mcTU81TzQhprhouKaTkpq,3fZk3Gm5dN5v5yfYMQ04Bx
1mcTU81TzQhprhouKaTkpq,14zUHaJZo1mnYtn6IBRaRP
1mcTU81TzQhprhouKaTkpq,28gNT5KBp7IjEOQoevXf9N
1mcTU81TzQhprhouKaTkpq,1jSjfSgDjedJdi5MoyRu78
1mcTU81TzQhprhouKaTkpq,3EiLUeyEcA6fbRPSHkG5kb
1mcTU81TzQhprhouKaTkpq,1TtXnWcUs0FCkaZDPGYHdf
1mcTU81TzQhprhouKaTkpq,1gBHZ6j8W5Xs3t9gmvedJw
1mcTU81TzQhprhouKaTkpq,5bWUlnPx9OYKsLiUJrhCA1
1mcTU81TzQhprhouKaTkpq,6w3SkAHYPsQ1bxV7VDlG5y
1mcTU81TzQhprhouKaTkpq,0GZ65zwBwkkwGNJ3zagtTZ
1mcTU81TzQhprhouKaTkpq,3ZpEKRjHaHANcpk10u6Ntq
1mcTU81TzQhprhouKaTkpq,5J7rXWjtn5HzUkJ4Jet8Fr
1mcTU81TzQhprhouKaTkpq,0EmeFodog0BfCgMzAIvKQp
1mcTU81TzQhprhouKaTkpq,0U0zpa0tZ4iAV6ypdDUm4I
1mcTU81TzQhprhouKaTkpq,1zNqQNIdeOUZHb8zbZRFMX
1mcTU81TzQhprhouKaTkpq,7ltDVBr6mKbRvohxheJ9h1
1mcTU81TzQhprhouKaTkpq,5qPRgWcEOGRzoIST0sHAiI
1mcTU81TzQhprhouKaTkpq,1DxLCyH42yaHKGK3cl5bvG
1mcTU81TzQhprhouKaTkpq,1pmixngtBJleMrGUG5o8DE
1mcTU81TzQhprhouKaTkpq,15GGbJKqC6w0VYyAJtjej6
1mcTU81TzQhprhouKaTkpq,2UZIAOlrnyZmyzt1nuXr9y
1mcTU81TzQhprhouKaTkpq,7bXgB6jMjp9ATFy66eO08Z
1mcTU81TzQhprhouKaTkpq,7awyvLSthqOcL5A3hnR1pf
1mcTU81TzQhprhouKaTkpq,0vR2qb8m9WHeZ5ByCbimq2
1mcTU81TzQhprhouKaTkpq,0eHQ9o50hj6ZDNBt6Ys1sD
1mcTU81TzQhprhouKaTkpq,2DlGxzQSjYe5N6G9nkYghR
1mcTU81TzQhprhouKaTkpq,5FQ8tBUtIamA2hRtatrYUF
1mcTU81TzQhprhouKaTkpq,1aMt4A5jrQHxDYyC7rXgV0
1mcTU81TzQhprhouKaTkpq,0zcP8lCmLxqRRIZJPSq8i7
1mcTU81TzQhprhouKaTkpq,2DspEsT7UXGKd2VaaedgG4
1mcTU81TzQhprhouKaTkpq,6cEuCEZu7PAE9ZSzLLc2oQ
1mcTU81TzQhprhouKaTkpq,1r4hJ1h58CWwUQe3MxPuau
1mcTU81TzQhprhouKaTkpq,7a0XAaPaK2aDSqa8p3QnC7
1mcTU81TzQhprhouKaTkpq,2T1aUibqR2QC2sINIDQOAK
1mcTU81TzQhprhouKaTkpq,64aJYyrXljOodnUG6jvhRD
1mcTU81TzQhprhouKaTkpq,5RVuxgqu3esPo4LIrf4HUs
1mcTU81TzQhprhouKaTkpq,5hdhHgpxyniooUiQVaPxQ0
1mcTU81TzQhprhouKaTkpq,6kq4GHwUcUojGIu0ziSNXf
1mcTU81TzQhprhouKaTkpq,7vnithGAUscrk9Imtyr6Sd
1mcTU81TzQhprhouKaTkpq,3E6xrwgnVfYCrCs0ePERDz
1mcTU81TzQhprhouKaTkpq,0n6sKrG0xKAf8xmdqeNGke
1mcTU81TzQhprhouKaTkpq,4V8Sr092TqfHkfAA5fXXqG
1mcTU81TzQhprhouKaTkpq,47MpMsUfWtgyIIBEFOr4FE
1mcTU81TzQhprhouKaTkpq,4F4pp8NUW08JuXwnoxglpN
1mcTU81TzQhprhouKaTkpq,2cPqdH7XMvwaBJEVjheH8g
1mcTU81TzQhprhouKaTkpq,2ydZrTy8U3kOMOzx20s3dg
1mcTU81TzQhprhouKaTkpq,6nVcHLIgY5pE2YCl8ubca1
1mcTU81TzQhprhouKaTkpq,1WMwuNKzEFtU6pPkdtryYS
1mcTU81TzQhprhouKaTkpq,3J0BpFVUc9LeOIVeN5uNhU
1mcTU81TzQhprhouKaTkpq,0tmwSHipWxN12fsoLcFU3B
1mcTU81TzQhprhouKaTkpq,1v9AwCbfL2A1dXYWL0YGmv
1mcTU81TzQhprhouKaTkpq,65jIUih0ZeTUJhSTRuYxpi
1mcTU81TzQhprhouKaTkpq,4GAS1OgXh8D5pEA6s6eBNW
1mcTU81TzQhprhouKaTkpq,384MqcXCGGFh9UcjI5Tpc5
1mcTU81TzQhprhouKaTkpq,3RtNN1VnooWEn3KQk03DUL
1mcTU81TzQhprhouKaTkpq,4QrBoWLm2WNlPdbFhmlaUZ
1mcTU81TzQhprhouKaTkpq,00XhexlJEXQstHimpZN910
1mcTU81TzQhprhouKaTkpq,6M6XXCcO5gI68XpIlrUL3Z
1mcTU81TzQhprhouKaTkpq,07YUOmWljBTXwIseAUd9TW
1mcTU81TzQhprhouKaTkpq,00me4Ke1LsvMxt5kydlMyU
1mcTU81TzQhprhouKaTkpq,1GAymyGBvB4gQy5Z5LZ1Wj
1mcTU81TzQhprhouKaTkpq,7A02nc5WKMBLqSKXxGZ4o8
1mcTU81TzQhprhouKaTkpq,7nuTWfojdN0o8d7NGDo71U
1mcTU81TzQhprhouKaTkpq,3bvfu2KAve4lPHrhEFDZna
1mcTU81TzQhprhouKaTkpq,40lro6xpFS9TxV2uC7yvs4
1mcTU81TzQhprhouKaTkpq,2QUvtLq6oQaX0LNsYY2fas
1mcTU81TzQhprhouKaTkpq,76whng5pl9msPkkjFUtWYn
1mcTU81TzQhprhouKaTkpq,6w9ToX5slZ4uIdmD17hJ3c
1mcTU81TzQhprhouKaTkpq,1GDbiv3spRmZ1XdM1jQbT7
1mcTU81TzQhprhouKaTkpq,6vPXtLmNd3mW0dd1Rb9eQ9
1mcTU81TzQhprhouKaTkpq,0jaakjO6cMB5cJLeoa5aV2
1mcTU81TzQhprhouKaTkpq,5fJsY7afrbsyzJj9wdzJMh
1mcTU81TzQhprhouKaTkpq,1pf0MPKfKdvS8J779mS1Ay
1mcTU81TzQhprhouKaTkpq,11YLRSsZA3YVuQQtHXKTlz
1mcTU81TzQhprhouKaTkpq,1fux65HMCBvfJHqlBc4Nno
1mcTU81TzQhprhouKaTkpq,4NEThNYJ3WyNcJWcmpjq88
1mcTU81TzQhprhouKaTkpq,0odliLZMTk45CEVzF3Zocl
1mcTU81TzQhprhouKaTkpq,2vThUcryaKNLhULHOzP3eH
1mcTU81TzQhprhouKaTkpq,6bxjoq64Y0HTfMc4GIbpyJ
1mcTU81TzQhprhouKaTkpq,1MVP5iQH6wMKZuOn41UHOB
1mcTU81TzQhprhouKaTkpq,1SupJlEpv7RS2tPNRaHViT
1mcTU81TzQhprhouKaTkpq,5XJDexmWFLWOkjOEjOVX3e
1mcTU81TzQhprhouKaTkpq,5DUlefCLzVRzNWaNURTFpK
1mcTU81TzQhprhouKaTkpq,7yjRUA0Iz3VI4Kqa5oPJZK
1mcTU81TzQhprhouKaTkpq,2LmcxBak1alK1bf7d1beTr
1mcTU81TzQhprhouKaTkpq,6P6GTRTigHBp8ZesNtpCKH
1mcTU81TzQhprhouKaTkpq,3i6lAgVHplDXb6zrjIeBeK
1mcTU81TzQhprhouKaTkpq,4JreHVYyb6GqE2BU03Kx96
1mcTU81TzQhprhouKaTkpq,1vqR17Iv8VFdzure1TAXEq
1mcTU81TzQhprhouKaTkpq,56IPf5d631ccKOTmo8RFHK
1mcTU81TzQhprhouKaTkpq,1bAftSH8umNcGZ0uyV7LMg
1mcTU81TzQhprhouKaTkpq,7wU2WGCJ8HxkekHHE2QLul
1mcTU81TzQhprhouKaTkpq,3TGeuw7OmACouH5JAKkX7I
1mcTU81TzQhprhouKaTkpq,3GDKoAKAYrhKidKaMv2uSI
1mcTU81TzQhprhouKaTkpq,0XIKGBo9PnK1ApI5tZA60d
1mcTU81TzQhprhouKaTkpq,3PAwspMN27PDm81WwXDsMf
1mcTU81TzQhprhouKaTkpq,5dbaLmK5SHLLg8Z4CcTJpX
1mcTU81TzQhprhouKaTkpq,6paE2t0If1wcufBS2OE0b3
1mcTU81TzQhprhouKaTkpq,4z19QMyPVRwbd4Fs2LisBa
1mcTU81TzQhprhouKaTkpq,3HH6yOn1yJNZo3RY5zEfy5
1mcTU81TzQhprhouKaTkpq,2wYOpkTJZGByNEOjEnSmoW
1mcTU81TzQhprhouKaTkpq,01nUdqwuIHCHLZNP2TvYVF
1mcTU81TzQhprhouKaTkpq,7Bb4i0RT3zaudzb8KvxTUQ
1mcTU81TzQhprhouKaTkpq,0Q8NcsJwoCbZOHHW63su5S
1mcTU81TzQhprhouKaTkpq,62lbdm09j0QUbWB7SqCJvt
1mcTU81TzQhprhouKaTkpq,4r3koGKc1RyJWIC2QoyBdr
1mcTU81TzQhprhouKaTkpq,0FDJB5xf8i09jDjIg1qNED
1mcTU81TzQhprhouKaTkpq,3d2n85YLj0M861ScqWEhmC
1mcTU81TzQhprhouKaTkpq,1RBzGO6Nm3uyhUSxP7EDWO
1mcTU81TzQhprhouKaTkpq,4m6ubhNsdwF4psNf3R8kwR
1mcTU81TzQhprhouKaTkpq,42Hj25I9L39gO8QryyzykT
1mcTU81TzQhprhouKaTkpq,0WK3tWlmU4jfmQYqXZb8BH
1mcTU81TzQhprhouKaTkpq,0zZJhc1T0zBurhnBwQ2fcu
1mcTU81TzQhprhouKaTkpq,6r8AR7aYfjCbNNkugkHXOF
1mcTU81TzQhprhouKaTkpq,4zOhMWD0LoBe2nP7s9cHhX
1mcTU81TzQhprhouKaTkpq,4zXYopQxFWB8DCsjm6nOM8
1mcTU81TzQhprhouKaTkpq,3eOWhN0q9wQ90g8NcmfZbV
1mcTU81TzQhprhouKaTkpq,3fjQrf2I2ARKPtokE52RlM
1mcTU81TzQhprhouKaTkpq,1jsB2W4c9zTq9ilGXegrDM
1mcTU81TzQhprhouKaTkpq,2x8YIiQjwC1srAvDSyl7KG
4kYSro6naA4h99UJvo89HB,6oMuImdp5ZcFhWP0ESe6mG
4kYSro6naA4h99UJvo89HB,1anyVhU62p31KFi8MEzkbf
4kYSro6naA4h99UJvo89HB,4q3ewBCX7sLwd24euuV69X
4kYSro6naA4h99UJvo89HB,1vyhD5VmyZ7KMfW5gqLgo5
4kYSro6naA4h99UJvo89HB,0cGUm45nv7Z6M6qdXYQGTX
4kYSro6naA4h99UJvo89HB,1URnnhqYAYcrqrcwql10ft
4kYSro6naA4h99UJvo89HB,0A0FS04o6zMoto8OKPsDwY
4kYSro6naA4h99UJvo89HB,7tYKF4w9nC0nq9CsPZTHyP
4kYSro6naA4h99UJvo89HB,4DdkRBBYG6Yk9Ka8tdJ9BW
4kYSro6naA4h99UJvo89HB,5eX67XYPPv11MhDIdIoCN4
4kYSro6naA4h99UJvo89HB,5ZN1NGGWz6xBJpwWNh1eCj
4kYSro6naA4h99UJvo89HB,3nwYsifpwrKmCIpw4i0HDW
4kYSro6naA4h99UJvo89HB,5t6cgFa6vbJbNuxUTgT1L9
4kYSro6naA4h99UJvo89HB,2h2eheYRqB6maoKoP76zsc
4kYSro6naA4h99UJvo89HB,5spMujwDkeaAkmp4Ctg9GU
4kYSro6naA4h99UJvo89HB,2Xt5IujxV906EgmvTWD3So
4kYSro6naA4h99UJvo89HB,7qr5jdVKv7EcIZ93zt19iX
4kYSro6naA4h99UJvo89HB,1mN12fCSJ8m3MjkNJJDKZ6
4kYSro6naA4h99UJvo89HB,22FwGMhBDU8drx91GTxkxJ
4kYSro6naA4h99UJvo89HB,0QHgL1lAIqAw0HtD7YldmP
4kYSro6naA4h99UJvo89HB,2cK7VkFt8I3C9hUfexNCIX
4kYSro6naA4h99UJvo89HB,2n4qix48iT07tbyBdxAjM2
4kYSro6naA4h99UJvo89HB,7Gkyjs2OYQpJdOvvmwIz2Z
4kYSro6naA4h99UJvo89HB,1jBoSSrbz9n4ehQWA4cZgB
4kYSro6naA4h99UJvo89HB,12GqGscKJx3aE4t07u7eVZ
4kYSro6naA4h99UJvo89HB,2qoQgPAilErOKCwE2Y8wOG
4kYSro6naA4h99UJvo89HB,181bsRPaVXVlUKXrxwZfHK
4kYSro6naA4h99UJvo89HB,0EmeFodog0BfCgMzAIvKQp
4kYSro6naA4h99UJvo89HB,0M2CO5ijP35MDhNwvpgxTV
4kYSro6naA4h99UJvo89HB,1qSJaftSab2kTTsj7fLxvM
4kYSro6naA4h99UJvo89HB,0QOP5VL6UOJIz4GlbWL3rk
4kYSro6naA4h99UJvo89HB,7oXyXDUyxRjYXWC5L5EuGy
4kYSro6naA4h99UJvo89HB,3MdXrJWsbVzdn6fe5JYkSQ
4kYSro6naA4h99UJvo89HB,7ltDVBr6mKbRvohxheJ9h1
4kYSro6naA4h99UJvo89HB,5K4W6rqBFWDnAN6FQUkS6x
4kYSro6naA4h99UJvo89HB,3hcs9uc56yIGFCSy9leWe7
4kYSro6naA4h99UJvo89HB,2AMeiDbfU2vonrTkpXDKUu
4kYSro6naA4h99UJvo89HB,6ykgQbKcZFy5qoKBU4YiWj
4kYSro6naA4h99UJvo89HB,77oGJAObEl8wdAUrknL1gH
4kYSro6naA4h99UJvo89HB,57LYzLEk2LcFghVwuWbcuS
4kYSro6naA4h99UJvo89HB,56oDRnqbIiwx4mymNEv7dS
4kYSro6naA4h99UJvo89HB,2cWZOOzeOm4WmBJRnD5R7I
4kYSro6naA4h99UJvo89HB,7FNnA9vBm6EKceENgCGRMb
4kYSro6naA4h99UJvo89HB,6fWVd57NKTalqvmjRd2t8Z
4kYSro6naA4h99UJvo89HB,2R21vXR83lH98kGeO99Y66
4kYSro6naA4h99UJvo89HB,5ImkeVBlU11axX5QwOWg12
4kYSro6naA4h99UJvo89HB,37UACiDcdzEYii0iU0QpAf
4kYSro6naA4h99UJvo89HB,3oOJYwLB8FGSKYOQ5zx7Kk
4kYSro6naA4h99UJvo89HB,6eUKZXaKkcviH0Ku9w2n3V
4kYSro6naA4h99UJvo89HB,4nDoRrQiYLoBzwC5BhVJzF
4kYSro6naA4h99UJvo89HB,2tAbkZSNg8OdcUVzSOrYRW
4kYSro6naA4h99UJvo89HB,20gsENnposVs2I4rQ5kvrf
4kYSro6naA4h99UJvo89HB,7DMveApC7UnC2NPfPvlHSU
4kYSro6naA4h99UJvo89HB,3ScY9CQxNLQei8Umvpx5g6
4kYSro6naA4h99UJvo89HB,2YKqI0pz6dY15GpzxT66HD
4kYSro6naA4h99UJvo89HB,0du5cEVh5yTK9QJze8zA0C
4kYSro6naA4h99UJvo89HB,5R3Hr2cnCCjt220Jmt2xLf
4kYSro6naA4h99UJvo89HB,4lDiJcOJ2GLCK6p9q5BgfK
4kYSro6naA4h99UJvo89HB,07SFzTMeYf5P8Rd32a9Zzw
4kYSro6naA4h99UJvo89HB,43BxCL6t4c73BQnIJtry5v
4kYSro6naA4h99UJvo89HB,4DBNGKCWVHaxuDNBAgTiJH
4kYSro6naA4h99UJvo89HB,46SHBwWsqBkxI7EeeBEQG7
4kYSro6naA4h99UJvo89HB,0tR60pwxQ5WKjPxQcKoCQ7
4kYSro6naA4h99UJvo89HB,2iXdwLTWyFhlN1MQWIymvM
4xe6s55EDjpRpyZsrFoiWh,0gxP2JGHYchQzVZUWE3cnq
4xe6s55EDjpRpyZsrFoiWh,19FjZFMlhjL1AP0A5n68pV
4xe6s55EDjpRpyZsrFoiWh,4OkdYBzl0AmCyZ9dKzCklG
4xe6s55EDjpRpyZsrFoiWh,1bxfnxzCSeecbqAJke1qEl
4xe6s55EDjpRpyZsrFoiWh,4lpMINWZQ39N9joHJFmgDE
4xe6s55EDjpRpyZsrFoiWh,11QRlEwbooxjVZNRQHH1KX
4xe6s55EDjpRpyZsrFoiWh,3uxmzerwg6psemRgokz2nR
4xe6s55EDjpRpyZsrFoiWh,6gPoPBIKdQ7naYoAk22nzn
4xe6s55EDjpRpyZsrFoiWh,1B6in8fVsa3xjMhycgzTVF
4xe6s55EDjpRpyZsrFoiWh,5w9H8zD7wgx6CnlcXDWnQ3
4xe6s55EDjpRpyZsrFoiWh,1XoyGvF7OzxGHNDdM8JPC1
4xe6s55EDjpRpyZsrFoiWh,0EHquPS0ibZXKurqs2ESNw
4xe6s55EDjpRpyZsrFoiWh,4vSap18SjZVZdFTZUrfobF
4xe6s55EDjpRpyZsrFoiWh,0R4Dr2mldozB2KwWPbmXcN
4xe6s55EDjpRpyZsrFoiWh,1AVZxsgWEtXAGauXkPEHwm
4xe6s55EDjpRpyZsrFoiWh,0UjwmWs0TpcR8ntCOjlxkI
4xe6s55EDjpRpyZsrFoiWh,52tYmIsq77GTU167sqekLU
4xe6s55EDjpRpyZsrFoiWh,3Av5x6GUSoWcGFjrVHo6Go
4xe6s55EDjpRpyZsrFoiWh,0ajLdl7IiHvvXvrbxdy08T
4xe6s55EDjpRpyZsrFoiWh,1tfhFc2Y8iplDKCteuXjCY
4xe6s55EDjpRpyZsrFoiWh,2wmk3G9IRndr9tJrSylkUQ
4xe6s55EDjpRpyZsrFoiWh,6B1OtjbuEkKs8RV3HruvJO
4xe6s55EDjpRpyZsrFoiWh,4U4AroE6G2rG04np8u2G95
4xe6s55EDjpRpyZsrFoiWh,1ADU7q520JYPBdxdLHB57A
4xe6s55EDjpRpyZsrFoiWh,7CT4Jd4XguKvKPaBJSENkL
4xe6s55EDjpRpyZsrFoiWh,0wkmzHMS91KpYTYW9WCjSB
4xe6s55EDjpRpyZsrFoiWh,6b8YbYRgzgoDQmIwc3ebDI
4xe6s55EDjpRpyZsrFoiWh,51W4NKrN3S5HHY7NtSpuPN
4xe6s55EDjpRpyZsrFoiWh,3StWchMfGY8mo4YdIPp9Rb
4xe6s55EDjpRpyZsrFoiWh,1x9Om8FmNPwwRjRFPnVVgm
4xe6s55EDjpRpyZsrFoiWh,4YqXJcgcCetriz018f7veX
4xe6s55EDjpRpyZsrFoiWh,1qf33olqUQiZBdPaDyXlef
4xe6s55EDjpRpyZsrFoiWh,7lrpjS4SyP3jdyB7i27Yf4
4xe6s55EDjpRpyZsrFoiWh,6usmu9XLGTqtsF6QKBspte
4xe6s55EDjpRpyZsrFoiWh,0JyS4TI8NZcjQJl1Y5jscE
4xe6s55EDjpRpyZsrFoiWh,68w2t0wbrGnxSIUHzWs5bt
4xe6s55EDjpRpyZsrFoiWh,0a03XS7EzJ3IrHPM0XXnJA
4xe6s55EDjpRpyZsrFoiWh,09xXowsh4xhbDnbwbPeJX6
4xe6s55EDjpRpyZsrFoiWh,6KYyEAqF4NYp7i4YrgjHh4
4xe6s55EDjpRpyZsrFoiWh,34Y7klgDHuaH1qWA9TJkul
4xe6s55EDjpRpyZsrFoiWh,1MsuHuJMhPWFbzl2KWLyzz
4xe6s55EDjpRpyZsrFoiWh,6eRM5x1hPW3eZvrr8QWcIc
4xe6s55EDjpRpyZsrFoiWh,0ojgcvasAUtJXXV8ddYQNt
4xe6s55EDjpRpyZsrFoiWh,3IvmgSO7gS2Vt8dMJ72woK
4xe6s55EDjpRpyZsrFoiWh,5gIa74oRT4LLG0AioLVn6F
4xe6s55EDjpRpyZsrFoiWh,0wSBwYW9OwBM7ouKin4ALm
4xe6s55EDjpRpyZsrFoiWh,4TxFZEk9YEPGUBrXPNwSpb
4xe6s55EDjpRpyZsrFoiWh,5UopXhshFFqRIMfeZrBclq
4xe6s55EDjpRpyZsrFoiWh,1Vdkb8fzWxkrYfq7AEu8yz
4xe6s55EDjpRpyZsrFoiWh,0maNFmvJldxAXCNukAe6fI
4xe6s55EDjpRpyZsrFoiWh,790DVjGIEHT2Dq7aiXIkvy
4xe6s55EDjpRpyZsrFoiWh,4gPLblkCTiViD8GqD532Nd
4xe6s55EDjpRpyZsrFoiWh,18qC8mrcJ9ZjChRDPvpadi
4xe6s55EDjpRpyZsrFoiWh,2p4aN0Uxkk3iT3HK0cJ2cJ
4xe6s55EDjpRpyZsrFoiWh,43UmVQp9qZILibJ5vHq21k
4xe6s55EDjpRpyZsrFoiWh,7w0t8O8nbirfLvGJgKK0xk
4xe6s55EDjpRpyZsrFoiWh,4XUTistHCGWiq1gCWNYAuT
4xe6s55EDjpRpyZsrFoiWh,4Y2ohblGXsra540HyqjKFD
4xe6s55EDjpRpyZsrFoiWh,1WeF8XlldJHccdXC3JZYFq
4xe6s55EDjpRpyZsrFoiWh,41wl4d5yKdkwIo2ULFT3vD
4xe6s55EDjpRpyZsrFoiWh,783Q9ELFyooddnWj5qqWNo
4xe6s55EDjpRpyZsrFoiWh,6c6C4zF0PwHiS5EdDQbrLC
4xe6s55EDjpRpyZsrFoiWh,6fxEt6A7hRd7Iq4FnwSxVb
4xe6s55EDjpRpyZsrFoiWh,1SSTq9e8PhjyYzv6QOsAkb
4xe6s55EDjpRpyZsrFoiWh,0a7DjyuupA55K2NqWItRir
4xe6s55EDjpRpyZsrFoiWh,4CeU1RMEIalbzrjqbp3UyZ
4xe6s55EDjpRpyZsrFoiWh,013YMkhPziWNAvcGcdSnHn
4xe6s55EDjpRpyZsrFoiWh,4CtPLmkZiRHxlK0YpCaUdA
4xe6s55EDjpRpyZsrFoiWh,2PxnKk0fTNgMzm5pY6tINL
4xe6s55EDjpRpyZsrFoiWh,3p3jPcp8b7WL9XYj4xlsWj
4xe6s55EDjpRpyZsrFoiWh,22DbUSOs1kM5F1KtXZ3sgt
4xe6s55EDjpRpyZsrFoiWh,1GAymyGBvB4gQy5Z5LZ1Wj
4xe6s55EDjpRpyZsrFoiWh,0pxWSJ3TbIRuGPJnmxCfBe
4xe6s55EDjpRpyZsrFoiWh,7ssGLdyYoVhq3TrM6dUfGe
4xe6s55EDjpRpyZsrFoiWh,78CU7fjwAyxSX6DJFT2khV
4xe6s55EDjpRpyZsrFoiWh,0pm4ijsngxgyYEZl0UeXug
4xe6s55EDjpRpyZsrFoiWh,7MSEDh4Xt4nvRaEihrZ0ES
4xe6s55EDjpRpyZsrFoiWh,2HPjwOl5k2CHqjHyjtsdDe
4xe6s55EDjpRpyZsrFoiWh,2GzKA5uPf3Nef6JjkUNk4H
4xe6s55EDjpRpyZsrFoiWh,6Fs3AKFsg15trpdu92f7WR
4xe6s55EDjpRpyZsrFoiWh,3FRVhQjAe73b3Et1XsOCnF
4xe6s55EDjpRpyZsrFoiWh,4UG8b6IcuWkjMmPsoSYPGj
4xe6s55EDjpRpyZsrFoiWh,4NEqPORTyRAaVwrEAATFWO
4xe6s55EDjpRpyZsrFoiWh,7eWpOLnIsiYriBSL5XHGRk
4xe6s55EDjpRpyZsrFoiWh,5zctI4wO9XSKS8XwcnqEHk
4xe6s55EDjpRpyZsrFoiWh,4SrYPVxZ04uPD1wyJv1Clk
4xe6s55EDjpRpyZsrFoiWh,4twMBjUEs3uYOoY4ywzJAZ
4xe6s55EDjpRpyZsrFoiWh,4NzmLZEZHZCtnlTk3ilUol
4xe6s55EDjpRpyZsrFoiWh,38epWdyauFwdRkldqUMfWE
4xe6s55EDjpRpyZsrFoiWh,0D32yLpOpAgkcrGs4C14LO
4xe6s55EDjpRpyZsrFoiWh,2rA5hybfOSoyc2lTHMLChj
4xe6s55EDjpRpyZsrFoiWh,68KUcl8ndJO5nUcLkuwIjI
4xe6s55EDjpRpyZsrFoiWh,6y8Td6QsLfjnDCz0psGth6
4xe6s55EDjpRpyZsrFoiWh,658X86qMyJpSRY87oPvExU
4xe6s55EDjpRpyZsrFoiWh,3hxqnREh05it48wJmhorjO
4xe6s55EDjpRpyZsrFoiWh,2061nJAmY52Z8zAVjGFkTv
4xe6s55EDjpRpyZsrFoiWh,7kezrkuYBnE989Mv0gmIZ6
4xe6s55EDjpRpyZsrFoiWh,7Bq9IWSRQgdLgdCF3btfQT
4xe6s55EDjpRpyZsrFoiWh,37qaBDjpKZfgUNxtllOFyM
4xe6s55EDjpRpyZsrFoiWh,5YIeIkkDMdWDiX1sr8CGhf
4xe6s55EDjpRpyZsrFoiWh,3cTW4GbKjWqX3Sj4uZEpeH
4xe6s55EDjpRpyZsrFoiWh,1CUMM7r8Ujvj3J3DCsx0p6
4xe6s55EDjpRpyZsrFoiWh,2qHuI4Avg4Dbowhu8whV9e
4xe6s55EDjpRpyZsrFoiWh,5QrRo2OG0JlQVYLQXFODDt
4xe6s55EDjpRpyZsrFoiWh,1Vr7DTbtTpOp4tn4hAGOYo
4xe6s55EDjpRpyZsrFoiWh,3oOJYwLB8FGSKYOQ5zx7Kk
4xe6s55EDjpRpyZsrFoiWh,6NAhbfEqeWELwfjH391Vz0
4xe6s55EDjpRpyZsrFoiWh,67MdOdCX9lt3RHyqEYcjOA
4xe6s55EDjpRpyZsrFoiWh,337AU7B6Q0gV3fOjeQB5wb
4xe6s55EDjpRpyZsrFoiWh,2JeArEpz4gwisu54TmKyTr
4xe6s55EDjpRpyZsrFoiWh,02dM5RTHfMVIhCFfZZRHDa
4xe6s55EDjpRpyZsrFoiWh,4mhdzOqGkzXjckKkBvZ5wA
4xe6s55EDjpRpyZsrFoiWh,0yHhVZZRkJNbKmWGq8nciC
4xe6s55EDjpRpyZsrFoiWh,4eVYxB5lfhMVwIFsErjMxz
4xe6s55EDjpRpyZsrFoiWh,3tZdknQnzsVIIdaGCTj4RX
4xe6s55EDjpRpyZsrFoiWh,53cVnpkm8dTmf20tssYSNF
4xe6s55EDjpRpyZsrFoiWh,4J0m1OquRGY8HYHxMocXfy
4xe6s55EDjpRpyZsrFoiWh,3NpG6SsHaQETkdQVZH6V1E
4xe6s55EDjpRpyZsrFoiWh,09URRgA3ygB2U2MYdI8ABl
4xe6s55EDjpRpyZsrFoiWh,7hCSCdZuFbgSKXZntC1Vnh
4xe6s55EDjpRpyZsrFoiWh,0dxkgaBNqak7UBqLB1sZrQ
4xe6s55EDjpRpyZsrFoiWh,5w7Goklg0o1gkiclyM3uyA
4xe6s55EDjpRpyZsrFoiWh,2M3DspVKjoapwAsIx7D2oi
4xe6s55EDjpRpyZsrFoiWh,4BtCo7zwiMbbsQMAHHwTby
4xe6s55EDjpRpyZsrFoiWh,6zGqPWYqK9opKSfNxgFHp2
4xe6s55EDjpRpyZsrFoiWh,37UACiDcdzEYii0iU0QpAf
4xe6s55EDjpRpyZsrFoiWh,5rlwbF5flU2JCmAzV5Obu0
4xe6s55EDjpRpyZsrFoiWh,7HoxZrU2q1mJvPLQe8Mzg1
4xe6s55EDjpRpyZsrFoiWh,0CBib0Hd5BqqwNdwUzNPyk
4xe6s55EDjpRpyZsrFoiWh,12Bu78NJqYnaKKzkOR2QO3
4xe6s55EDjpRpyZsrFoiWh,57tpUjiC9hk1Fif7tP2GYf
4xe6s55EDjpRpyZsrFoiWh,5w7cd8GMxnHYTB68xot1nX
4xe6s55EDjpRpyZsrFoiWh,1V1Cd7bvg1SN0yUbk6ueBR
4xe6s55EDjpRpyZsrFoiWh,1noWnd8QFQD9VLxWEeo4Zf
4xe6s55EDjpRpyZsrFoiWh,4ezBKqi9gOB2jt9OUw2cmc
4xe6s55EDjpRpyZsrFoiWh,5uJgSa4yIN5YIzNvNbJqhL
4xe6s55EDjpRpyZsrFoiWh,6DtTBQ5L53T8BmIYFki3pI
4xe6s55EDjpRpyZsrFoiWh,4kt9gd5iP5WJmRQoR9Jpv8
4xe6s55EDjpRpyZsrFoiWh,6QdjKSL5qtKVEQvDY5o8sO
4xe6s55EDjpRpyZsrFoiWh,2jIZaIfG4JBmbXEojpZFNs
4xe6s55EDjpRpyZsrFoiWh,2yIILEMh7i3ttP9G2jGLRe
4xe6s55EDjpRpyZsrFoiWh,14C4hEHL0MReBBXSqkK9qC
4xe6s55EDjpRpyZsrFoiWh,5kWV89sv5SCAAaFqHztrpU
4xe6s55EDjpRpyZsrFoiWh,4UcGO4hOufILa9qGd3KOCo
4xe6s55EDjpRpyZsrFoiWh,7aixpoJ1l5VaR1uOwmWvgz
4xe6s55EDjpRpyZsrFoiWh,7FQjH7Fvf4H9HfSX9zUvWX
4xe6s55EDjpRpyZsrFoiWh,58GNHTqgNesANvRuoKzCwX
4xe6s55EDjpRpyZsrFoiWh,2wSfBXp7N7XPHiEaWXaRNh
4xe6s55EDjpRpyZsrFoiWh,1CpEtvxLcROHJdmYeVFi1M
4xe6s55EDjpRpyZsrFoiWh,0LkUf4EevVseUbsW2hW9ux
4xe6s55EDjpRpyZsrFoiWh,4riOEaOW5hCeqomFDBk0aP
4xe6s55EDjpRpyZsrFoiWh,5sZ0LIk7BJLJquEUUt5rJj
4xe6s55EDjpRpyZsrFoiWh,4eVsk8Dn3Bc63ByC3TZg2N
4xe6s55EDjpRpyZsrFoiWh,3Wb38LDP3N4tkobValgE9D
4xe6s55EDjpRpyZsrFoiWh,03Enzet8KLMkjdeQnbqbmn
4xe6s55EDjpRpyZsrFoiWh,1DnmGMN1A57wUR0KhxOnnu
4xe6s55EDjpRpyZsrFoiWh,0lIw3RIPiAC50dWNjJXe2Q
4xe6s55EDjpRpyZsrFoiWh,2XcZshqzPKm3iZcmt73R8D
4xe6s55EDjpRpyZsrFoiWh,0tznBlOotsR19UPpabwHbs
4xe6s55EDjpRpyZsrFoiWh,3S4c6xHqmUsm95NAiktn3F
4xe6s55EDjpRpyZsrFoiWh,4NJM6zIVr0VXAMlmfaRy7i
4xe6s55EDjpRpyZsrFoiWh,2JJeLxFOub3q1h6GTKOOBi
4xe6s55EDjpRpyZsrFoiWh,2oQX8QiMXOyuqbcZEFsZfm
4xe6s55EDjpRpyZsrFoiWh,0ZWz4VYWCTDqpYcnVR8QJL
4xe6s55EDjpRpyZsrFoiWh,2Pv0j6v5jjZStW3IBllpvB
4xe6s55EDjpRpyZsrFoiWh,7pC1ADxlsISDMO97NTYKnH
4xe6s55EDjpRpyZsrFoiWh,79NHJFzd1chgx30ZOavJaC
4xe6s55EDjpRpyZsrFoiWh,49ybX6CCbyhJkBWjZfNc3q
4xe6s55EDjpRpyZsrFoiWh,1jHcdxmnpdZ7D07LvZs6Ss
4xe6s55EDjpRpyZsrFoiWh,3oka5x3VSPtjrqvhmSrQCP
4xe6s55EDjpRpyZsrFoiWh,6nT9l7TvGL0CGwyMsKftZw
4xe6s55EDjpRpyZsrFoiWh,4ncaw2cfA3Wlly1tBD2eWt
4xe6s55EDjpRpyZsrFoiWh,3rQXUpppnyxRkQNxoLFtUV
4xe6s55EDjpRpyZsrFoiWh,6OHwlQ5KVeQ2n6O2mgqR8U
4xe6s55EDjpRpyZsrFoiWh,4Kq1ribkT0t1J0L6LEpy13
5lwmRuXgjX8xIwlnauTZIP,23MPAWNQLgjmhquLiZ6tWg
5lwmRuXgjX8xIwlnauTZIP,13tsmNbDpdsMGm0kMOeZLC
5lwmRuXgjX8xIwlnauTZIP,41ht6ftw02LB6mMDUg6Z65
5lwmRuXgjX8xIwlnauTZIP,17sTI0lxVn47ba4KUV488T
5lwmRuXgjX8xIwlnauTZIP,7ltDVBr6mKbRvohxheJ9h1
5lwmRuXgjX8xIwlnauTZIP,4DjY0CaKAejJgghVHTaOUy
5lwmRuXgjX8xIwlnauTZIP,2uYEU8bUQQ77Bk9HJJwxqx
5lwmRuXgjX8xIwlnauTZIP,4391zvuuIvVziLtsvq13Cu
5lwmRuXgjX8xIwlnauTZIP,2wZmh2ddEInC5pzZ8O68lt
5lwmRuXgjX8xIwlnauTZIP,31TPClRtHm23RisEBtV3X7
5lwmRuXgjX8xIwlnauTZIP,3GPTvhZ8XfH7WkHXidvELk
5lwmRuXgjX8xIwlnauTZIP,0XwVARXT135rw8lyw1EeWP
5lwmRuXgjX8xIwlnauTZIP,0UTsdD7VIsEB9i7a6DDx5t
5lwmRuXgjX8xIwlnauTZIP,0tJDMMp9vT1q6zrPih0yFQ
5lwmRuXgjX8xIwlnauTZIP,3JfbHWZ07sSBjbojTU2hAt
5lwmRuXgjX8xIwlnauTZIP,3pbg6hZGMHg6G5TiuCh21K
5lwmRuXgjX8xIwlnauTZIP,66U02qGDesTqZImnLSiYeE
5lwmRuXgjX8xIwlnauTZIP,4mvu66sVKGUyy0cRrpMbvW
5lwmRuXgjX8xIwlnauTZIP,6sOhwBjVzpiEBAYEWYwDoX
5lwmRuXgjX8xIwlnauTZIP,4vQV1LCGBdYAt5rIIPjSFZ
5lwmRuXgjX8xIwlnauTZIP,4RnIr0AAau1SBJMbjJ9poC
5lwmRuXgjX8xIwlnauTZIP,6Mjbr8K3MiiRMqmFIB4zWq
5lwmRuXgjX8xIwlnauTZIP,1YYp1qwJ7EAitFINQ7gOKV
5lwmRuXgjX8xIwlnauTZIP,1qto4hHid1P71emI6Fd8xi
5lwmRuXgjX8xIwlnauTZIP,5rvaaWutd0gsbc2iMNo9k5
5lwmRuXgjX8xIwlnauTZIP,2ElpWA67jmhM6LrDav4Jcy
5lwmRuXgjX8xIwlnauTZIP,1LKPL2O3vA3ozNsmshDg3o
5lwmRuXgjX8xIwlnauTZIP,3rs3EOlJ8jyPpdGiQ9Mhub
5lwmRuXgjX8xIwlnauTZIP,06TVTkMAOR935MhkjX0i2A
5lwmRuXgjX8xIwlnauTZIP,2cADQgiLMjNhbsfeN52Bf3
5lwmRuXgjX8xIwlnauTZIP,3nlpTZci9O5W8RsNoNH559
5lwmRuXgjX8xIwlnauTZIP,1i8SpTcr7yvPOmcqrbnVXY
5lwmRuXgjX8xIwlnauTZIP,4VMYDCV2IEDYJArk749S6m
5lwmRuXgjX8xIwlnauTZIP,1SupJlEpv7RS2tPNRaHViT
5lwmRuXgjX8xIwlnauTZIP,4etuCZVdP8yiNPn4xf0ie5
5lwmRuXgjX8xIwlnauTZIP,3KedxarmBCyFBevnqQHy3P
5lwmRuXgjX8xIwlnauTZIP,5g5BNIj2twETHdLV4VAH6M
5lwmRuXgjX8xIwlnauTZIP,0MsXN56oNCyqorqEPViWgQ
5lwmRuXgjX8xIwlnauTZIP,3TVXtAsR1Inumwj472S9r4
5lwmRuXgjX8xIwlnauTZIP,4wLXwxDeWQ8mtUIRPxGiD6
5lwmRuXgjX8xIwlnauTZIP,0hCNtLu0JehylgoiP8L4Gh
5lwmRuXgjX8xIwlnauTZIP,3SUT1jjM5hzZj9TLfLZGIP
5lwmRuXgjX8xIwlnauTZIP,1wZtkThiXbVNtj6hee6dz9
5lwmRuXgjX8xIwlnauTZIP,23zg3TcAtWQy7J6upgbUnj
5lwmRuXgjX8xIwlnauTZIP,6emrXi84Xjdb8YcEm82XEZ
5lwmRuXgjX8xIwlnauTZIP,3wxFXeuHQEq4NubZunCIMe
5lwmRuXgjX8xIwlnauTZIP,3Ces1OJeGOVGcUB0wPaPXJ
5lwmRuXgjX8xIwlnauTZIP,7tLRDdqaS3HlX9cLbpY3Hl
5lwmRuXgjX8xIwlnauTZIP,55Aa2cqylxrFIXC767Z865
5lwmRuXgjX8xIwlnauTZIP,0TnOYISbd1XYRBk9myaseg
5lwmRuXgjX8xIwlnauTZIP,1mcTU81TzQhprhouKaTkpq
5lwmRuXgjX8xIwlnauTZIP,6XkjpgcEsYab502Vr1bBeW
5lwmRuXgjX8xIwlnauTZIP,790FomKkXshlbRYZFtlgla
5lwmRuXgjX8xIwlnauTZIP,5AmJYBIvICxss43P05MkU8
5lwmRuXgjX8xIwlnauTZIP,7esCoLcCoCK7FPa9casAH4
5lwmRuXgjX8xIwlnauTZIP,4SsVbpTthjScTS7U2hmr1X
5lwmRuXgjX8xIwlnauTZIP,77ziqFxp5gaInVrF2lj4ht
5lwmRuXgjX8xIwlnauTZIP,1GDbiv3spRmZ1XdM1jQbT7
5lwmRuXgjX8xIwlnauTZIP,2R21vXR83lH98kGeO99Y66
6qqNVTkY8uBg9cP3Jd7DAH,25uiPmTg16RbhZWAqwLBy5
6qqNVTkY8uBg9cP3Jd7DAH,7ltDVBr6mKbRvohxheJ9h1
6qqNVTkY8uBg9cP3Jd7DAH,1uNFoZAHBGtllmzznpCI3s
6qqNVTkY8uBg9cP3Jd7DAH,6LuN9FCkKOj5PcnpouEgny
6qqNVTkY8uBg9cP3Jd7DAH,0tvpihdAsKiNnP6sWS3jUI
6qqNVTkY8uBg9cP3Jd7DAH,586uxXMyD5ObPuzjtrzO1Q
6qqNVTkY8uBg9cP3Jd7DAH,68kEuyFKyqrdQQLLsmiatm
6qqNVTkY8uBg9cP3Jd7DAH,1xHQO9GJIW9OXHxGBISYc5
6qqNVTkY8uBg9cP3Jd7DAH,0bI3VA9gVcpoOzrklKgG7V
6qqNVTkY8uBg9cP3Jd7DAH,5st4KKihmnSMLRsxWOs2x3
6qqNVTkY8uBg9cP3Jd7DAH,356FCJoyYWyzONni54Dgrv
6qqNVTkY8uBg9cP3Jd7DAH,6Ta9RS3a6sLulTlM4FWY5K
6qqNVTkY8uBg9cP3Jd7DAH,3EpmmPtV7DduqNmeqaADIm
6qqNVTkY8uBg9cP3Jd7DAH,2cFrymmkijnjDg9SS92EPM
6qqNVTkY8uBg9cP3Jd7DAH,670UISOh9XV1zlq5z5IfoY
6qqNVTkY8uBg9cP3Jd7DAH,6iWuBN32BqCJAeXW6o3nil
0Y5tJX1MQlPlqiwlOH1tJY,0fGcIStdT1OpFFhOC7Wp36
0Y5tJX1MQlPlqiwlOH1tJY,3TVXtAsR1Inumwj472S9r4
0Y5tJX1MQlPlqiwlOH1tJY,699OTQXzgjhIYAHMy9RyPD
0Y5tJX1MQlPlqiwlOH1tJY,6vWDO969PvNqNYHIOW5v0m
0Y5tJX1MQlPlqiwlOH1tJY,1jBoSSrbz9n4ehQWA4cZgB
0Y5tJX1MQlPlqiwlOH1tJY,1URnnhqYAYcrqrcwql10ft
0Y5tJX1MQlPlqiwlOH1tJY,1Xyo4u8uXC1ZmMpatF05PJ
0Y5tJX1MQlPlqiwlOH1tJY,1zNqQNIdeOUZHb8zbZRFMX
0Y5tJX1MQlPlqiwlOH1tJY,67lytN32YpUxiSeWlKfHJ3
0Y5tJX1MQlPlqiwlOH1tJY,504DdVupqJJUEkzmHzJEfs
0Y5tJX1MQlPlqiwlOH1tJY,50co4Is1HCEo8bhOyUWKpn
0Y5tJX1MQlPlqiwlOH1tJY,0ABk515kENDyATUdpCKVfW
0Y5tJX1MQlPlqiwlOH1tJY,0fA0VVWsXO9YnASrzqfmYu
0Y5tJX1MQlPlqiwlOH1tJY,4q3ewBCX7sLwd24euuV69X
0Y5tJX1MQlPlqiwlOH1tJY,7tYKF4w9nC0nq9CsPZTHyP
0Y5tJX1MQlPlqiwlOH1tJY,1RyvyyTE3xzB2ZywiAwp0i
0Y5tJX1MQlPlqiwlOH1tJY,53KwLdlmrlCelAZMaLVZqU
0Y5tJX1MQlPlqiwlOH1tJY,7ltDVBr6mKbRvohxheJ9h1
0Y5tJX1MQlPlqiwlOH1tJY,5f7VJjfbwm532GiveGC0ZK
0Y5tJX1MQlPlqiwlOH1tJY,7A8S43ryYdbWpJKeHRZRcq
0Y5tJX1MQlPlqiwlOH1tJY,2RDOrhPqAM4jzTRCEb19qX
0Y5tJX1MQlPlqiwlOH1tJY,4Gso3d4CscCijv0lmajZWs
0Y5tJX1MQlPlqiwlOH1tJY,0VRj0yCOv2FXJNP47XQnx5
0Y5tJX1MQlPlqiwlOH1tJY,4DdkRBBYG6Yk9Ka8tdJ9BW
0Y5tJX1MQlPlqiwlOH1tJY,0eDvMgVFoNV3TpwtrVCoTj
0Y5tJX1MQlPlqiwlOH1tJY,6extd4B6hl8VTmnlhpl2bY
0Y5tJX1MQlPlqiwlOH1tJY,3EW0kQ1skZiK1NHg3Spt9J
0Y5tJX1MQlPlqiwlOH1tJY,17lzZA2AlOHwCwFALHttmp
0Y5tJX1MQlPlqiwlOH1tJY,5gCRApTajqwbnHHPbr2Fpi
0Y5tJX1MQlPlqiwlOH1tJY,4dYQmk5ma04mZ1KJ9KkAQK
0Y5tJX1MQlPlqiwlOH1tJY,15iVAtD3s3FsQR4w1v6M0P
0Y5tJX1MQlPlqiwlOH1tJY,5K4W6rqBFWDnAN6FQUkS6x
0Y5tJX1MQlPlqiwlOH1tJY,1uNFoZAHBGtllmzznpCI3s
0Y5tJX1MQlPlqiwlOH1tJY,6O4EGCCb6DoIiR6B1QCQgp
0Y5tJX1MQlPlqiwlOH1tJY,5IcR3N7QB1j6KBL8eImZ8m
0Y5tJX1MQlPlqiwlOH1tJY,5lHRUCqkQZCIWeX7xG4sYT
0Y5tJX1MQlPlqiwlOH1tJY,3mIj9lX2MWuHmhNCA7LSCW
0Y5tJX1MQlPlqiwlOH1tJY,0c173mlxpT3dSFRgMO8XPh
0Y5tJX1MQlPlqiwlOH1tJY,6oMuImdp5ZcFhWP0ESe6mG
0Y5tJX1MQlPlqiwlOH1tJY,0xTcxl35DKXUeYRWqY10w6
0Y5tJX1MQlPlqiwlOH1tJY,3a1tBryiczPAZpgoZN9Rzg
0Y5tJX1MQlPlqiwlOH1tJY,0YinUQ50QDB7ZxSCLyQ40k
0Y5tJX1MQlPlqiwlOH1tJY,2cMVIRpseAO7fJAxNfg6rD
0Y5tJX1MQlPlqiwlOH1tJY,0iEtIxbK0KxaSlF7G42ZOp
0Y5tJX1MQlPlqiwlOH1tJY,3SozjO3Lat463tQICI9LcE
0Y5tJX1MQlPlqiwlOH1tJY,7c0XG5cIJTrrAgEC3ULPiq
0Y5tJX1MQlPlqiwlOH1tJY,6Xgp2XMz1fhVYe7i6yNAax
0Y5tJX1MQlPlqiwlOH1tJY,2RdwBSPQiwcmiDo9kixcl8
0Y5tJX1MQlPlqiwlOH1tJY,23DYJsw4uSCguIqiTIDtcN
0Y5tJX1MQlPlqiwlOH1tJY,5SXuuuRpukkTvsLuUknva1
0Y5tJX1MQlPlqiwlOH1tJY,2o08sCWF5yyo2G4DCiT7T9
0Y5tJX1MQlPlqiwlOH1tJY,0QJIPDAEDILuo8AIq3pMuU
0Y5tJX1MQlPlqiwlOH1tJY,2PaZWGu5T5nHjY2xxAkFsT
0Y5tJX1MQlPlqiwlOH1tJY,6eUKZXaKkcviH0Ku9w2n3V
0Y5tJX1MQlPlqiwlOH1tJY,6k970rXaWAWVfWMjqWtFNI
0Y5tJX1MQlPlqiwlOH1tJY,3byZhxYIRTp15VjyckfstU
0Y5tJX1MQlPlqiwlOH1tJY,1yqxFtPHKcGcv6SXZNdyT9
0Y5tJX1MQlPlqiwlOH1tJY,3egWSWp7Y4FyCKIyvXbw7L
0Y5tJX1MQlPlqiwlOH1tJY,2hlmm7s2ICUX0LVIhVFlZQ
0Y5tJX1MQlPlqiwlOH1tJY,6l3HvQ5sa6mXTsMTB19rO5
0Y5tJX1MQlPlqiwlOH1tJY,5he5w2lnU9x7JFhnwcekXX
0Y5tJX1MQlPlqiwlOH1tJY,4O15NlyKLIASxsJ0PrXPfz
0Y5tJX1MQlPlqiwlOH1tJY,67nwj3Y5sZQLl72VNUHEYE
0Y5tJX1MQlPlqiwlOH1tJY,6w9iqkoyGAs9PRssKIvq9G
0Y5tJX1MQlPlqiwlOH1tJY,6yTeWbdwQqIVfU1jGk2aeH
0Y5tJX1MQlPlqiwlOH1tJY,4nBB1w8Yl5brdn4CGxqfMs
0Y5tJX1MQlPlqiwlOH1tJY,7kHe4uFK1KQFqMRP7td4mS
0Y5tJX1MQlPlqiwlOH1tJY,4OBJLual30L7gRl5UkeRcT
1i8SpTcr7yvPOmcqrbnVXY,37230BxxYs9ksS7OkZw3IU
1i8SpTcr7yvPOmcqrbnVXY,51XrH5fQP2oIQynuKxSWcW
1i8SpTcr7yvPOmcqrbnVXY,4IndUOBCZYZg61557iq2A9
1i8SpTcr7yvPOmcqrbnVXY,3EiLUeyEcA6fbRPSHkG5kb
1i8SpTcr7yvPOmcqrbnVXY,2R21vXR83lH98kGeO99Y66
1i8SpTcr7yvPOmcqrbnVXY,0qTZZWLzuD59Un5r1speHm
1i8SpTcr7yvPOmcqrbnVXY,1Cs0zKBU1kc0i8ypK3B9ai
1i8SpTcr7yvPOmcqrbnVXY,6nVcHLIgY5pE2YCl8ubca1
1i8SpTcr7yvPOmcqrbnVXY,0zgbk1EdcU6tt6QUOnCC5o
1i8SpTcr7yvPOmcqrbnVXY,7Bb4i0RT3zaudzb8KvxTUQ
1i8SpTcr7yvPOmcqrbnVXY,0Y3agQaa6g2r0YmHPOO9rh
1i8SpTcr7yvPOmcqrbnVXY,5yOvAmpIR7hVxiS6Ls5DPO
1i8SpTcr7yvPOmcqrbnVXY,3E6xrwgnVfYCrCs0ePERDz
1i8SpTcr7yvPOmcqrbnVXY,4QVBYiagIaa6ZGSPMbybpy
1i8SpTcr7yvPOmcqrbnVXY,1UjxAZqzphB1tsMb1aWBj0
1i8SpTcr7yvPOmcqrbnVXY,1tfhFc2Y8iplDKCteuXjCY
1i8SpTcr7yvPOmcqrbnVXY,2LRoIwlKmHjgvigdNGBHNo
1i8SpTcr7yvPOmcqrbnVXY,5H1nN1SzW0qNeUEZvuXjAj
1i8SpTcr7yvPOmcqrbnVXY,7vXDAI8JwjW531ouMGbfcp
1i8SpTcr7yvPOmcqrbnVXY,0f6U482Lbo91QNqNFH4Tat
1i8SpTcr7yvPOmcqrbnVXY,2p4aN0Uxkk3iT3HK0cJ2cJ
1i8SpTcr7yvPOmcqrbnVXY,4DxlG8gbthzgDeDZiywaoQ
1i8SpTcr7yvPOmcqrbnVXY,1otleRGxIU5q64yzCNUHsi
1i8SpTcr7yvPOmcqrbnVXY,4SsVbpTthjScTS7U2hmr1X
1i8SpTcr7yvPOmcqrbnVXY,1vyhD5VmyZ7KMfW5gqLgo5
1i8SpTcr7yvPOmcqrbnVXY,7qYeIN2r4H1kBvr0Gm9Iav
1i8SpTcr7yvPOmcqrbnVXY,7iK8PXO48WeuP03g8YR51W
1i8SpTcr7yvPOmcqrbnVXY,3Wb38LDP3N4tkobValgE9D
1i8SpTcr7yvPOmcqrbnVXY,00me4Ke1LsvMxt5kydlMyU
1i8SpTcr7yvPOmcqrbnVXY,4VMYDCV2IEDYJArk749S6m
1i8SpTcr7yvPOmcqrbnVXY,5cj0lLjcoR7YOSnhnX0Po5
1i8SpTcr7yvPOmcqrbnVXY,5WUlDfRSoLAfcVSX1WnrxN
1i8SpTcr7yvPOmcqrbnVXY,21451j1KhjAiaYKflxBjr1
1i8SpTcr7yvPOmcqrbnVXY,1SupJlEpv7RS2tPNRaHViT
1i8SpTcr7yvPOmcqrbnVXY,28gNT5KBp7IjEOQoevXf9N
1i8SpTcr7yvPOmcqrbnVXY,790FomKkXshlbRYZFtlgla
1i8SpTcr7yvPOmcqrbnVXY,4PXThoWa6Eg0a1Cui7KJee
1i8SpTcr7yvPOmcqrbnVXY,77ziqFxp5gaInVrF2lj4ht
1i8SpTcr7yvPOmcqrbnVXY,59wfkuBoNyhDMQGCljbUbA
1i8SpTcr7yvPOmcqrbnVXY,540vIaP2JwjQb9dm3aArA4
1i8SpTcr7yvPOmcqrbnVXY,7hJcb9fa4alzcOq3EaNPoG
1i8SpTcr7yvPOmcqrbnVXY,1zNqQNIdeOUZHb8zbZRFMX
1i8SpTcr7yvPOmcqrbnVXY,0KPX4Ucy9dk82uj4GpKesn
1i8SpTcr7yvPOmcqrbnVXY,2tYwhzzfvvDr29BbBFcHhB
1i8SpTcr7yvPOmcqrbnVXY,0tmwSHipWxN12fsoLcFU3B
1i8SpTcr7yvPOmcqrbnVXY,0eHQ9o50hj6ZDNBt6Ys1sD
1i8SpTcr7yvPOmcqrbnVXY,5lwmRuXgjX8xIwlnauTZIP
1i8SpTcr7yvPOmcqrbnVXY,1GDbiv3spRmZ1XdM1jQbT7
1i8SpTcr7yvPOmcqrbnVXY,0z4gvV4rjIZ9wHck67ucSV
1i8SpTcr7yvPOmcqrbnVXY,4kYSro6naA4h99UJvo89HB
1i8SpTcr7yvPOmcqrbnVXY,3jFjgKOGfVLWfXX8q5wrsg
1i8SpTcr7yvPOmcqrbnVXY,3UTF2no3muGdiFXVujl94i
1i8SpTcr7yvPOmcqrbnVXY,2PxnKk0fTNgMzm5pY6tINL
1i8SpTcr7yvPOmcqrbnVXY,0FwnPHExlRRxEZPLAi5tmG
1i8SpTcr7yvPOmcqrbnVXY,7a0XAaPaK2aDSqa8p3QnC7
1i8SpTcr7yvPOmcqrbnVXY,4bw2Am3p9ji3mYsXNXtQcd
1i8SpTcr7yvPOmcqrbnVXY,2FU49QY6B4RA6orPrbC8P5
1i8SpTcr7yvPOmcqrbnVXY,64aJYyrXljOodnUG6jvhRD
1i8SpTcr7yvPOmcqrbnVXY,2T1aUibqR2QC2sINIDQOAK
1i8SpTcr7yvPOmcqrbnVXY,6GKbEjuVNKuuAKetDXA2Mi
1i8SpTcr7yvPOmcqrbnVXY,7CvTknweLr9feJtRGrpDBy
1i8SpTcr7yvPOmcqrbnVXY,7FNnA9vBm6EKceENgCGRMb
1i8SpTcr7yvPOmcqrbnVXY,4F4pp8NUW08JuXwnoxglpN
1i8SpTcr7yvPOmcqrbnVXY,1TtXnWcUs0FCkaZDPGYHdf
1i8SpTcr7yvPOmcqrbnVXY,1r4hJ1h58CWwUQe3MxPuau
1i8SpTcr7yvPOmcqrbnVXY,4Vvu7tVzLF5tA19BpNTgm1
1i8SpTcr7yvPOmcqrbnVXY,2O8vbr4RYPpk6MRA4fio7u
1i8SpTcr7yvPOmcqrbnVXY,3m5qlPf2OkihLz3dRYnkPA
1i8SpTcr7yvPOmcqrbnVXY,4axKuDPr6WKcDCyh8vueTY
1i8SpTcr7yvPOmcqrbnVXY,1qBWQyXZqXoAVqpII7KsAv
1i8SpTcr7yvPOmcqrbnVXY,6n28c9qs9hNGriNa72b26u
1i8SpTcr7yvPOmcqrbnVXY,64M6ah0SkkRsnPGtGiRAbb
1i8SpTcr7yvPOmcqrbnVXY,6tCJN1fQNdFCEaOa8Da9Wf
1i8SpTcr7yvPOmcqrbnVXY,7keGfmQR4X5w0two1xKZ7d
1i8SpTcr7yvPOmcqrbnVXY,4QsjdD4tkCOSUqRSDoazaM
1i8SpTcr7yvPOmcqrbnVXY,1b94FVTCNMq9gU78ByW6iY
1i8SpTcr7yvPOmcqrbnVXY,0niAkxgT6y57bRbT0Ge94z
1i8SpTcr7yvPOmcqrbnVXY,7j6DKwmjbxvpQO8h914uEz
1i8SpTcr7yvPOmcqrbnVXY,48R2gYdPKtfnfKAzhSVPUx
1i8SpTcr7yvPOmcqrbnVXY,0uxYECT7XqHNccQAg5Uhe4
1i8SpTcr7yvPOmcqrbnVXY,14zUHaJZo1mnYtn6IBRaRP
1i8SpTcr7yvPOmcqrbnVXY,6cNWiizYLCClZdnIvqU968
1i8SpTcr7yvPOmcqrbnVXY,0GOx72r5AAEKRGQFn3xqXK
1i8SpTcr7yvPOmcqrbnVXY,23TFHmajVfBtlRx5MXqgoz
1i8SpTcr7yvPOmcqrbnVXY,1GKIlPFdcewHtpDVCQ8zmJ
1i8SpTcr7yvPOmcqrbnVXY,4aSlfXDn9R60UlbZEboBUy
1i8SpTcr7yvPOmcqrbnVXY,4CQdcx66F116k2db2Y0rjE
1i8SpTcr7yvPOmcqrbnVXY,6NmMI7UnfmIpLRYoz8H9jm
1i8SpTcr7yvPOmcqrbnVXY,2YRyPiW98bpkARAS4B3OQP
1i8SpTcr7yvPOmcqrbnVXY,0dqT9B1Xej71qvAo8uE4Uh
1i8SpTcr7yvPOmcqrbnVXY,6O9WquDfQTxGRZqZUXVEQx
1i8SpTcr7yvPOmcqrbnVXY,5C01hDqpEmrmDfUhX9YWsH
1i8SpTcr7yvPOmcqrbnVXY,0EmeFodog0BfCgMzAIvKQp
1i8SpTcr7yvPOmcqrbnVXY,1wZtkThiXbVNtj6hee6dz9
1i8SpTcr7yvPOmcqrbnVXY,6AT27ojKlBuZToFIGwQZDc
1i8SpTcr7yvPOmcqrbnVXY,5Y3MV9DZ0d87NnVm56qSY1
1i8SpTcr7yvPOmcqrbnVXY,3fZk3Gm5dN5v5yfYMQ04Bx
1i8SpTcr7yvPOmcqrbnVXY,1pQWsZQehhS4wavwh7Fnxd
1i8SpTcr7yvPOmcqrbnVXY,2cPqdH7XMvwaBJEVjheH8g
1i8SpTcr7yvPOmcqrbnVXY,2NfSBtmWe7oPw1EmetJVso
1i8SpTcr7yvPOmcqrbnVXY,1l7ZsJRRS8wlW3WfJfPfNS
1i8SpTcr7yvPOmcqrbnVXY,1U1el3k54VvEUzo3ybLPlM
1i8SpTcr7yvPOmcqrbnVXY,06TVTkMAOR935MhkjX0i2A
1i8SpTcr7yvPOmcqrbnVXY,181bsRPaVXVlUKXrxwZfHK
1i8SpTcr7yvPOmcqrbnVXY,5L1lO4eRHmJ7a0Q6csE5cT
1i8SpTcr7yvPOmcqrbnVXY,0n6sKrG0xKAf8xmdqeNGke
1i8SpTcr7yvPOmcqrbnVXY,4riOEaOW5hCeqomFDBk0aP
1i8SpTcr7yvPOmcqrbnVXY,65jIUih0ZeTUJhSTRuYxpi
1i8SpTcr7yvPOmcqrbnVXY,4az97MtWmBQ5Db3GfDh9j9
1i8SpTcr7yvPOmcqrbnVXY,0GgY7hjMoGDsX8ZDe2mwds
1i8SpTcr7yvPOmcqrbnVXY,5CEmVm4SbLawlq7evC42i0
1i8SpTcr7yvPOmcqrbnVXY,0tR60pwxQ5WKjPxQcKoCQ7
1i8SpTcr7yvPOmcqrbnVXY,4o0NtnL2m0lzZmEdRas1qv
1i8SpTcr7yvPOmcqrbnVXY,7arQA31aZVS8yS6zUveWzb
1i8SpTcr7yvPOmcqrbnVXY,5hdhHgpxyniooUiQVaPxQ0
1i8SpTcr7yvPOmcqrbnVXY,1fux65HMCBvfJHqlBc4Nno
1i8SpTcr7yvPOmcqrbnVXY,2oT7xd9iTO2ejLsNGIMa5f
1i8SpTcr7yvPOmcqrbnVXY,0vR2qb8m9WHeZ5ByCbimq2
1i8SpTcr7yvPOmcqrbnVXY,1pf0MPKfKdvS8J779mS1Ay
1i8SpTcr7yvPOmcqrbnVXY,7oMRcCu0OYSCtCyS3P37iC
1i8SpTcr7yvPOmcqrbnVXY,3drqpTL4sQOckmAfF9i1wg
1i8SpTcr7yvPOmcqrbnVXY,2zfwez4uxbP8NcFy3kaNLF
1i8SpTcr7yvPOmcqrbnVXY,60d7XKY1qqY5cPnXOCVvo6
1i8SpTcr7yvPOmcqrbnVXY,4obzFoKoKRHIphyHzJ35G3
1i8SpTcr7yvPOmcqrbnVXY,7vnithGAUscrk9Imtyr6Sd
1i8SpTcr7yvPOmcqrbnVXY,01nUdqwuIHCHLZNP2TvYVF
1i8SpTcr7yvPOmcqrbnVXY,6ieK9Ddas29reReO60on3o
1i8SpTcr7yvPOmcqrbnVXY,2oQX8QiMXOyuqbcZEFsZfm
1i8SpTcr7yvPOmcqrbnVXY,37UACiDcdzEYii0iU0QpAf
1i8SpTcr7yvPOmcqrbnVXY,1yxSLGMDHlW21z4YXirZDS
1i8SpTcr7yvPOmcqrbnVXY,1OB278sOZVSFx5vXqYha83
1i8SpTcr7yvPOmcqrbnVXY,4pGKT0bADpfN9VOZvGlSz0
1i8SpTcr7yvPOmcqrbnVXY,2GUtoR7e1VI4ftyUV8JDfV
1i8SpTcr7yvPOmcqrbnVXY,1EnscKRqKyq19bQ2bl642c
1i8SpTcr7yvPOmcqrbnVXY,12uFh6RqAFf9Yd3i3sEDQg
1i8SpTcr7yvPOmcqrbnVXY,0CtbEQRf5QgHb89JgCl95n
1i8SpTcr7yvPOmcqrbnVXY,3iUUbu8KbiXrTPGZj0dBqL
1i8SpTcr7yvPOmcqrbnVXY,4hadtPX6kKntrnA87Zdy01
1i8SpTcr7yvPOmcqrbnVXY,5LHRHt1k9lMyONurDHEdrp
1i8SpTcr7yvPOmcqrbnVXY,5SulO4l40qDuV9zUGLZx7n
1i8SpTcr7yvPOmcqrbnVXY,7MFziD8uUUFIyDaBRMnJYm
1i8SpTcr7yvPOmcqrbnVXY,3Ia6QnB1tPR9bcgnmbL5FO
1i8SpTcr7yvPOmcqrbnVXY,47MpMsUfWtgyIIBEFOr4FE
1i8SpTcr7yvPOmcqrbnVXY,1mcTU81TzQhprhouKaTkpq
1i8SpTcr7yvPOmcqrbnVXY,329e4yvIujISKGKz1BZZbO
1i8SpTcr7yvPOmcqrbnVXY,4h6Eg0dBZ4Fr8vRcSn8r5r
1i8SpTcr7yvPOmcqrbnVXY,0GM7qgcRCORpGnfcN2tCiB
1i8SpTcr7yvPOmcqrbnVXY,7ltDVBr6mKbRvohxheJ9h1
1i8SpTcr7yvPOmcqrbnVXY,2iUbk5KhZYZt4CRvWbwb7S
1i8SpTcr7yvPOmcqrbnVXY,3t3hIeMUcwqWaEVpEox5QW
1i8SpTcr7yvPOmcqrbnVXY,3zdXxojrGhIyEgKvHABKim
1i8SpTcr7yvPOmcqrbnVXY,6WRxocw99UTRWQyHgLhVuJ
1i8SpTcr7yvPOmcqrbnVXY,6P6GTRTigHBp8ZesNtpCKH
1i8SpTcr7yvPOmcqrbnVXY,1Ts9of7VPZElwPQnqnDSfW
1i8SpTcr7yvPOmcqrbnVXY,00XhexlJEXQstHimpZN910
1i8SpTcr7yvPOmcqrbnVXY,26V3iUEDBumgX9YpSBka1b
1i8SpTcr7yvPOmcqrbnVXY,4V8Sr092TqfHkfAA5fXXqG
1i8SpTcr7yvPOmcqrbnVXY,0C8ZW7ezQVs4URX5aX7Kqx
1i8SpTcr7yvPOmcqrbnVXY,2LmcxBak1alK1bf7d1beTr
1i8SpTcr7yvPOmcqrbnVXY,2DlGxzQSjYe5N6G9nkYghR
1i8SpTcr7yvPOmcqrbnVXY,5SYAaCKEVYhN3RDSDKUTJn
1i8SpTcr7yvPOmcqrbnVXY,5bWUlnPx9OYKsLiUJrhCA1
1i8SpTcr7yvPOmcqrbnVXY,2ayNSoKPCRAfjp6hQ76hRu
1i8SpTcr7yvPOmcqrbnVXY,2jku7tDXc6XoB6MO2hFuqg
1i8SpTcr7yvPOmcqrbnVXY,4SzD0wClEg9NKVJZbCRFqS
1i8SpTcr7yvPOmcqrbnVXY,4DdkRBBYG6Yk9Ka8tdJ9BW
1i8SpTcr7yvPOmcqrbnVXY,00VnRQuhdfjkeaXeDu5dlW
1i8SpTcr7yvPOmcqrbnVXY,4q3ewBCX7sLwd24euuV69X
1i8SpTcr7yvPOmcqrbnVXY,32ktYZLtxxPKRuxZZefhRK
1i8SpTcr7yvPOmcqrbnVXY,5rnugF74l7U6wHsG7zh56G
1i8SpTcr7yvPOmcqrbnVXY,246dkjvS1zLTtiykXe5h60
1i8SpTcr7yvPOmcqrbnVXY,2jSGzJw0ebJLu7OLVSOcBP
1i8SpTcr7yvPOmcqrbnVXY,6P4uOSrdyHqsyLDVcBYUry
1i8SpTcr7yvPOmcqrbnVXY,0eet2VBconGGtNYJ0CBgHu
1i8SpTcr7yvPOmcqrbnVXY,0QEgflaxe34AiHVfGvoOur
1i8SpTcr7yvPOmcqrbnVXY,0OROVBEZCocg0FcgJpyBse
1i8SpTcr7yvPOmcqrbnVXY,2qbEtwBVyobgpNP5KcHE9J
1i8SpTcr7yvPOmcqrbnVXY,12vb80Km0Ew53ABfJOepVz
1i8SpTcr7yvPOmcqrbnVXY,3IEvQoAohcGX7CdrbtIle7
1i8SpTcr7yvPOmcqrbnVXY,07rO1bvFX82Ixrp9A2nyCm
1i8SpTcr7yvPOmcqrbnVXY,7yUFtMptVtCtg3vIR018vO
1i8SpTcr7yvPOmcqrbnVXY,65skAdklXLoOm2Klks0Hud
1i8SpTcr7yvPOmcqrbnVXY,6w9ToX5slZ4uIdmD17hJ3c
1i8SpTcr7yvPOmcqrbnVXY,5gUZ67Vzi1FV2SnrWl1GlE
1i8SpTcr7yvPOmcqrbnVXY,2wYOpkTJZGByNEOjEnSmoW
1i8SpTcr7yvPOmcqrbnVXY,3YXpTiyVmYCfANOlnWv6vr
1i8SpTcr7yvPOmcqrbnVXY,6TASDj2ogOKQptnxgEvrcP
1i8SpTcr7yvPOmcqrbnVXY,6Zg4grHLEskbfQY6WUlwmZ
1i8SpTcr7yvPOmcqrbnVXY,4Tw0VaV1ENei24iQnktjXj
1i8SpTcr7yvPOmcqrbnVXY,2TKXzeZ7YJvmydXbKF2MJZ
1i8SpTcr7yvPOmcqrbnVXY,4Fw6S1XIDNuw6dutII4SsZ
1i8SpTcr7yvPOmcqrbnVXY,1WMwuNKzEFtU6pPkdtryYS
1i8SpTcr7yvPOmcqrbnVXY,7a9gFzWS5uEHtbNNgA6xyM
1vyhD5VmyZ7KMfW5gqLgo5,37230BxxYs9ksS7OkZw3IU
1vyhD5VmyZ7KMfW5gqLgo5,4axKuDPr6WKcDCyh8vueTY
1vyhD5VmyZ7KMfW5gqLgo5,2LRoIwlKmHjgvigdNGBHNo
1vyhD5VmyZ7KMfW5gqLgo5,2O8vbr4RYPpk6MRA4fio7u
1vyhD5VmyZ7KMfW5gqLgo5,4F4pp8NUW08JuXwnoxglpN
1vyhD5VmyZ7KMfW5gqLgo5,1pgDilWYDWLoOgGjf1iHNu
1vyhD5VmyZ7KMfW5gqLgo5,2YRyPiW98bpkARAS4B3OQP
1vyhD5VmyZ7KMfW5gqLgo5,7j6DKwmjbxvpQO8h914uEz
1vyhD5VmyZ7KMfW5gqLgo5,1TA5sGRlKUJXBN4ZyJuDIX
1vyhD5VmyZ7KMfW5gqLgo5,66ihevNkSYNzRAl44dx6jJ
1vyhD5VmyZ7KMfW5gqLgo5,3E12tRURRvPfHz0hAMCFYc
1vyhD5VmyZ7KMfW5gqLgo5,4aSlfXDn9R60UlbZEboBUy
1vyhD5VmyZ7KMfW5gqLgo5,52iwsT98xCoGgiGntTiR7K
1vyhD5VmyZ7KMfW5gqLgo5,2T1aUibqR2QC2sINIDQOAK
1vyhD5VmyZ7KMfW5gqLgo5,64aJYyrXljOodnUG6jvhRD
1vyhD5VmyZ7KMfW5gqLgo5,4SsVbpTthjScTS7U2hmr1X
1vyhD5VmyZ7KMfW5gqLgo5,77ziqFxp5gaInVrF2lj4ht
1vyhD5VmyZ7KMfW5gqLgo5,0eHQ9o50hj6ZDNBt6Ys1sD
1vyhD5VmyZ7KMfW5gqLgo5,5he5w2lnU9x7JFhnwcekXX
1vyhD5VmyZ7KMfW5gqLgo5,7iK8PXO48WeuP03g8YR51W
1vyhD5VmyZ7KMfW5gqLgo5,6nVcHLIgY5pE2YCl8ubca1
1vyhD5VmyZ7KMfW5gqLgo5,21451j1KhjAiaYKflxBjr1
1vyhD5VmyZ7KMfW5gqLgo5,1i8SpTcr7yvPOmcqrbnVXY
1vyhD5VmyZ7KMfW5gqLgo5,2p4aN0Uxkk3iT3HK0cJ2cJ
1vyhD5VmyZ7KMfW5gqLgo5,1DxLCyH42yaHKGK3cl5bvG
1vyhD5VmyZ7KMfW5gqLgo5,2cPqdH7XMvwaBJEVjheH8g
1vyhD5VmyZ7KMfW5gqLgo5,6LuN9FCkKOj5PcnpouEgny
1vyhD5VmyZ7KMfW5gqLgo5,790FomKkXshlbRYZFtlgla
1vyhD5VmyZ7KMfW5gqLgo5,1SupJlEpv7RS2tPNRaHViT
1vyhD5VmyZ7KMfW5gqLgo5,6VOoiigTiLVgsMQPP1JOdC
1vyhD5VmyZ7KMfW5gqLgo5,5IYRfypwG9BDDh5ZRPI80z
1vyhD5VmyZ7KMfW5gqLgo5,5OBK3iQwjNQqElPmn4TgAE
1vyhD5VmyZ7KMfW5gqLgo5,6M2wZ9GZgrQXHCFfjv46we
1vyhD5VmyZ7KMfW5gqLgo5,4q3ewBCX7sLwd24euuV69X
1vyhD5VmyZ7KMfW5gqLgo5,0GM7qgcRCORpGnfcN2tCiB
1vyhD5VmyZ7KMfW5gqLgo5,7tm9Tuc70geXOOyKhtZHIj
1vyhD5VmyZ7KMfW5gqLgo5,7B1LLuCQk13H4Mb6CFBftU
1vyhD5VmyZ7KMfW5gqLgo5,3nALc9PyUfe6CO3EY9bNhH
1vyhD5VmyZ7KMfW5gqLgo5,2kLa7JZu4Ijdz1Gle2khZh
1vyhD5VmyZ7KMfW5gqLgo5,51XrH5fQP2oIQynuKxSWcW
1vyhD5VmyZ7KMfW5gqLgo5,4TAoP0f9OuWZUesao43xUW
1vyhD5VmyZ7KMfW5gqLgo5,5QzDzXfXC5lepOBeQXBiVO
1vyhD5VmyZ7KMfW5gqLgo5,0XK6kT7xcZAlcYrNjOgzJe
1vyhD5VmyZ7KMfW5gqLgo5,4RSyJzf7ef6Iu2rnLdabNq
1vyhD5VmyZ7KMfW5gqLgo5,7ltDVBr6mKbRvohxheJ9h1
1vyhD5VmyZ7KMfW5gqLgo5,1wZtkThiXbVNtj6hee6dz9
1vyhD5VmyZ7KMfW5gqLgo5,3ECsaSd1fom8coUUkkFzqt
1vyhD5VmyZ7KMfW5gqLgo5,7FNnA9vBm6EKceENgCGRMb
1vyhD5VmyZ7KMfW5gqLgo5,2RdwBSPQiwcmiDo9kixcl8
1vyhD5VmyZ7KMfW5gqLgo5,6veh5zbFpm31XsPdjBgPER
1vyhD5VmyZ7KMfW5gqLgo5,4VMYDCV2IEDYJArk749S6m
1vyhD5VmyZ7KMfW5gqLgo5,7wU2WGCJ8HxkekHHE2QLul
1vyhD5VmyZ7KMfW5gqLgo5,329e4yvIujISKGKz1BZZbO
1vyhD5VmyZ7KMfW5gqLgo5,3BnF35ARlp8mMeyXTjUZsr
1vyhD5VmyZ7KMfW5gqLgo5,5yjh35rXozitS6KLyjicLj
1vyhD5VmyZ7KMfW5gqLgo5,1HcAkAeL4xf02wzAnl7mIV
1vyhD5VmyZ7KMfW5gqLgo5,4L3GTE04bW5N7azA9QPhjA
1vyhD5VmyZ7KMfW5gqLgo5,6UuT0BJZ9vF8Y1sxXnJl2s
1vyhD5VmyZ7KMfW5gqLgo5,0wSadxUa6BtCDbCMjWwuG5
1vyhD5VmyZ7KMfW5gqLgo5,5PlfkPxwCpRRWQJBxCa0By
1vyhD5VmyZ7KMfW5gqLgo5,0X2BH1fck6amBIoJhDVmmJ
1vyhD5VmyZ7KMfW5gqLgo5,0u6GtibW46tFX7koQ6uNJZ
1vyhD5VmyZ7KMfW5gqLgo5,7hQmAXAzWI6D350VTgkKTG
1vyhD5VmyZ7KMfW5gqLgo5,1IFAU4mznUcfPVP9z2c24N
1vyhD5VmyZ7KMfW5gqLgo5,3i6lAgVHplDXb6zrjIeBeK
1vyhD5VmyZ7KMfW5gqLgo5,3S9Hg7sRKhmtWunFZ2yAYP
1vyhD5VmyZ7KMfW5gqLgo5,7wgrXbrp9RJQMri26GZgyH
1vyhD5VmyZ7KMfW5gqLgo5,6BV37tKh6pY97mnNdTCzly
1vyhD5VmyZ7KMfW5gqLgo5,2Atk4SWx7daQtItQBa735M
1vyhD5VmyZ7KMfW5gqLgo5,2eobLT6bmdvl5yGG5qPAgd
1vyhD5VmyZ7KMfW5gqLgo5,4IMAo2UQchVFyPH24PAjUs
1vyhD5VmyZ7KMfW5gqLgo5,3EiLUeyEcA6fbRPSHkG5kb
1vyhD5VmyZ7KMfW5gqLgo5,1r4hJ1h58CWwUQe3MxPuau
1vyhD5VmyZ7KMfW5gqLgo5,085pc2PYOi8bGKj0PNjekA
1vyhD5VmyZ7KMfW5gqLgo5,3qsKSpcV3ncke3hw52JSMB
1vyhD5VmyZ7KMfW5gqLgo5,23zg3TcAtWQy7J6upgbUnj
1vyhD5VmyZ7KMfW5gqLgo5,0QHgL1lAIqAw0HtD7YldmP
1vyhD5VmyZ7KMfW5gqLgo5,0H39MdGGX6dbnnQPt6NQkZ
1vyhD5VmyZ7KMfW5gqLgo5,4fkonOVOD4ehVOd2gAxgyZ
1vyhD5VmyZ7KMfW5gqLgo5,5sK8BsvyDl4TFA6KaBf8or
1vyhD5VmyZ7KMfW5gqLgo5,1lpOgw56wZLDa8gaP6bSIs
1vyhD5VmyZ7KMfW5gqLgo5,3wcj11K77LjEY1PkEazffa
1vyhD5VmyZ7KMfW5gqLgo5,6JvU33PZ8MtZyeFTESr09O
1vyhD5VmyZ7KMfW5gqLgo5,768O5GliF0bqscyghggrbE
1vyhD5VmyZ7KMfW5gqLgo5,2oQX8QiMXOyuqbcZEFsZfm
1vyhD5VmyZ7KMfW5gqLgo5,2x7PC78TmgqpEIjaGAZ0Oz
1vyhD5VmyZ7KMfW5gqLgo5,3CbYyyd8wH3RT6t0jwpdzC
1vyhD5VmyZ7KMfW5gqLgo5,0VRj0yCOv2FXJNP47XQnx5
1vyhD5VmyZ7KMfW5gqLgo5,0y59o4v8uw5crbN9M3JiL1
1vyhD5VmyZ7KMfW5gqLgo5,5f7VJjfbwm532GiveGC0ZK
1vyhD5VmyZ7KMfW5gqLgo5,2o5jDhtHVPhrJdv3cEQ99Z
1vyhD5VmyZ7KMfW5gqLgo5,6eUKZXaKkcviH0Ku9w2n3V
1vyhD5VmyZ7KMfW5gqLgo5,5H6xmHXjsq98NLbEjuE29f
1vyhD5VmyZ7KMfW5gqLgo5,1BEUkE2CSUgHTLSBMZdnFB
1vyhD5VmyZ7KMfW5gqLgo5,6AgTAQt8XS6jRWi4sX7w49
1vyhD5VmyZ7KMfW5gqLgo5,4ofCBoyEiGSePFAG500xev
1vyhD5VmyZ7KMfW5gqLgo5,3Lk9AWrpD4bminO5LwmBOw
1vyhD5VmyZ7KMfW5gqLgo5,2p1fiYHYiXz9qi0JJyxBzN
1vyhD5VmyZ7KMfW5gqLgo5,5XJDexmWFLWOkjOEjOVX3e
1vyhD5VmyZ7KMfW5gqLgo5,34Y0ldeyUv7jBvukWOGASO
1vyhD5VmyZ7KMfW5gqLgo5,2ye2Wgw4gimLv2eAKyk1NB
1vyhD5VmyZ7KMfW5gqLgo5,5hdhHgpxyniooUiQVaPxQ0
1vyhD5VmyZ7KMfW5gqLgo5,2R21vXR83lH98kGeO99Y66
1vyhD5VmyZ7KMfW5gqLgo5,7c0XG5cIJTrrAgEC3ULPiq
1vyhD5VmyZ7KMfW5gqLgo5,246dkjvS1zLTtiykXe5h60
1vyhD5VmyZ7KMfW5gqLgo5,5LHRHt1k9lMyONurDHEdrp
1vyhD5VmyZ7KMfW5gqLgo5,0A0FS04o6zMoto8OKPsDwY
1vyhD5VmyZ7KMfW5gqLgo5,7cZiZG7CINHlK5dyUzmY57
1vyhD5VmyZ7KMfW5gqLgo5,1mcTU81TzQhprhouKaTkpq
1vyhD5VmyZ7KMfW5gqLgo5,6fWVd57NKTalqvmjRd2t8Z
1vyhD5VmyZ7KMfW5gqLgo5,1uNFoZAHBGtllmzznpCI3s
1vyhD5VmyZ7KMfW5gqLgo5,6ASri4ePR7RlsvIQgWPJpS
1vyhD5VmyZ7KMfW5gqLgo5,4QrBoWLm2WNlPdbFhmlaUZ
1vyhD5VmyZ7KMfW5gqLgo5,5rGrDvrLOV2VV8SCFVGWlj
1vyhD5VmyZ7KMfW5gqLgo5,14zUHaJZo1mnYtn6IBRaRP
1vyhD5VmyZ7KMfW5gqLgo5,1pf0MPKfKdvS8J779mS1Ay
1vyhD5VmyZ7KMfW5gqLgo5,540vIaP2JwjQb9dm3aArA4
1vyhD5VmyZ7KMfW5gqLgo5,1GDbiv3spRmZ1XdM1jQbT7
1vyhD5VmyZ7KMfW5gqLgo5,1TtXnWcUs0FCkaZDPGYHdf
1vyhD5VmyZ7KMfW5gqLgo5,1yxSLGMDHlW21z4YXirZDS
1vyhD5VmyZ7KMfW5gqLgo5,77AiFEVeAVj2ORpC85QVJs
1vyhD5VmyZ7KMfW5gqLgo5,45UHclgIcRavRoRa2MET5i
1vyhD5VmyZ7KMfW5gqLgo5,04RXSUzDTSz2OIOvlAYVAv
1vyhD5VmyZ7KMfW5gqLgo5,7gbbc1jj3M8CgZ0orsQ8vb
1vyhD5VmyZ7KMfW5gqLgo5,4UhiMIdxKqQxmzdE9nYe6O
1vyhD5VmyZ7KMfW5gqLgo5,7oDZ1pJXUYUppZVr6OZjz7
1vyhD5VmyZ7KMfW5gqLgo5,7Do8se3ZoaVqUt3woqqSrD
1vyhD5VmyZ7KMfW5gqLgo5,0ffKEtMDnROKWyJtXUnLbJ
1vyhD5VmyZ7KMfW5gqLgo5,19i93sA0D7yS9dYoVNBqAA
1vyhD5VmyZ7KMfW5gqLgo5,7u710e44HW3K7A5eTnRqHC
1vyhD5VmyZ7KMfW5gqLgo5,5SulO4l40qDuV9zUGLZx7n
1vyhD5VmyZ7KMfW5gqLgo5,738wLrAtLtCtFOLvQBXOXp
1vyhD5VmyZ7KMfW5gqLgo5,5fMUXHkw8R8eOP2RNVYEZX
1vyhD5VmyZ7KMfW5gqLgo5,0vR2qb8m9WHeZ5ByCbimq2
1vyhD5VmyZ7KMfW5gqLgo5,1GAymyGBvB4gQy5Z5LZ1Wj
1vyhD5VmyZ7KMfW5gqLgo5,4Wjf8diP59VmPG7fi4y724
1vyhD5VmyZ7KMfW5gqLgo5,3Isy6kedDrgPYoTS1dazA9
1vyhD5VmyZ7KMfW5gqLgo5,2uFC1dAj5b0YU7vulKNZ0p
1vyhD5VmyZ7KMfW5gqLgo5,2grHJh787INC5e1gFxG3wg
1vyhD5VmyZ7KMfW5gqLgo5,3v2NAsnsViisa2k0CNolXW
1vyhD5VmyZ7KMfW5gqLgo5,6M7RdR9ZP52h2mfNLmiHtU
1vyhD5VmyZ7KMfW5gqLgo5,5yRQcUGG9sNL8Mo3z6JWAR
1vyhD5VmyZ7KMfW5gqLgo5,7bXgB6jMjp9ATFy66eO08Z
1vyhD5VmyZ7KMfW5gqLgo5,20sxb77xiYeusSH8cVdatc
1vyhD5VmyZ7KMfW5gqLgo5,3KV3p5EY4AvKxOlhGHORLg
1vyhD5VmyZ7KMfW5gqLgo5,77GVmrLGuxNEvj2ibvT62v
1vyhD5VmyZ7KMfW5gqLgo5,1oMiDFyAgmIzw9ZBQYHOJI
1vyhD5VmyZ7KMfW5gqLgo5,5CiGnKThu5ctn9pBxv7DGa
1vyhD5VmyZ7KMfW5gqLgo5,0C8ZW7ezQVs4URX5aX7Kqx
1vyhD5VmyZ7KMfW5gqLgo5,5bzWtCkjIAMgN93gLt56SO
1vyhD5VmyZ7KMfW5gqLgo5,76Xa625geVw0Q7BdyxNjA2
1vyhD5VmyZ7KMfW5gqLgo5,0xHa28taiElkcQf9o3z76g
1vyhD5VmyZ7KMfW5gqLgo5,5SyGEPymt1G2uto47tVWvZ
1vyhD5VmyZ7KMfW5gqLgo5,1Cs0zKBU1kc0i8ypK3B9ai
1vyhD5VmyZ7KMfW5gqLgo5,64M6ah0SkkRsnPGtGiRAbb
1vyhD5VmyZ7KMfW5gqLgo5,4D75GcNG95ebPtNvoNVXhz
1vyhD5VmyZ7KMfW5gqLgo5,60bBAf1WFPnIwyBSfXj9xv
1vyhD5VmyZ7KMfW5gqLgo5,5wwneIFdawNgQ7GvKK29Z3
1vyhD5VmyZ7KMfW5gqLgo5,3XonXgjEAAXVl0WKLF1Z4g
1vyhD5VmyZ7KMfW5gqLgo5,0pICHdgyIVvu5jvDsFu9pD
1vyhD5VmyZ7KMfW5gqLgo5,0iSYvHKAdhWVdZkS1PYK3u
1vyhD5VmyZ7KMfW5gqLgo5,4bSDNEzwduKWCdm0artLjw
1vyhD5VmyZ7KMfW5gqLgo5,3py0ZP9TslhIYvPfXyRCG7
1vyhD5VmyZ7KMfW5gqLgo5,1akovilveREPmx1E535jJU
1vyhD5VmyZ7KMfW5gqLgo5,1VrWc8r4AjrR8YfT0vlsc7
1vyhD5VmyZ7KMfW5gqLgo5,1fctva4kpRbg2k3v7kwRuS
1vyhD5VmyZ7KMfW5gqLgo5,4kYSro6naA4h99UJvo89HB
1vyhD5VmyZ7KMfW5gqLgo5,5R3Hr2cnCCjt220Jmt2xLf
1vyhD5VmyZ7KMfW5gqLgo5,02kJSzxNuaWGqwubyUba0Z
1vyhD5VmyZ7KMfW5gqLgo5,23TFHmajVfBtlRx5MXqgoz
1vyhD5VmyZ7KMfW5gqLgo5,2W6kbe0nm96COrHzNmfLLd
1vyhD5VmyZ7KMfW5gqLgo5,1bAftSH8umNcGZ0uyV7LMg
1vyhD5VmyZ7KMfW5gqLgo5,1RyvyyTE3xzB2ZywiAwp0i
1vyhD5VmyZ7KMfW5gqLgo5,2ExGrw6XpbtUAJHTLtUXUD
1vyhD5VmyZ7KMfW5gqLgo5,5pUo3fmmHT8bhCyHE52hA6
1vyhD5VmyZ7KMfW5gqLgo5,2wYOpkTJZGByNEOjEnSmoW
1vyhD5VmyZ7KMfW5gqLgo5,1ackd5XprZEkH3McKbQD51
1vyhD5VmyZ7KMfW5gqLgo5,4Q6nIcaBED8qUel8bBx6Cr
1vyhD5VmyZ7KMfW5gqLgo5,1HBjj22wzbscIZ9sEb5dyf
1vyhD5VmyZ7KMfW5gqLgo5,0qTZZWLzuD59Un5r1speHm
1vyhD5VmyZ7KMfW5gqLgo5,4DdkRBBYG6Yk9Ka8tdJ9BW
1vyhD5VmyZ7KMfW5gqLgo5,00VnRQuhdfjkeaXeDu5dlW
1vyhD5VmyZ7KMfW5gqLgo5,3E6xrwgnVfYCrCs0ePERDz
1vyhD5VmyZ7KMfW5gqLgo5,1rVo9h17cHhWerDiZj0yXH
1vyhD5VmyZ7KMfW5gqLgo5,25zPr5malvJ4FznDZUVo1a
1vyhD5VmyZ7KMfW5gqLgo5,2kOMJsJc6Ai550awSlkfOS
1vyhD5VmyZ7KMfW5gqLgo5,0zpB6hHRw9lCMSRTf3l7hE
1vyhD5VmyZ7KMfW5gqLgo5,7oNtf1MwhHcyXRsYXE1WsG
1vyhD5VmyZ7KMfW5gqLgo5,0LIl9fjMPEZp8UDiL8Yuo4
1vyhD5VmyZ7KMfW5gqLgo5,7kABWMhjA5GIl9PBEasBPt
1vyhD5VmyZ7KMfW5gqLgo5,4AVFqumd2ogHFlRbKIjp1t
1vyhD5VmyZ7KMfW5gqLgo5,6vWDO969PvNqNYHIOW5v0m
1vyhD5VmyZ7KMfW5gqLgo5,6vXTefBL93Dj5IqAWq6OTv
1vyhD5VmyZ7KMfW5gqLgo5,1zNqQNIdeOUZHb8zbZRFMX
1vyhD5VmyZ7KMfW5gqLgo5,4JprKwueQv8ws3n7N8BLVC
1vyhD5VmyZ7KMfW5gqLgo5,4PFgfReja3r59JaekHpeuf
1vyhD5VmyZ7KMfW5gqLgo5,00me4Ke1LsvMxt5kydlMyU
1vyhD5VmyZ7KMfW5gqLgo5,6w9ToX5slZ4uIdmD17hJ3c
1vyhD5VmyZ7KMfW5gqLgo5,0TnOYISbd1XYRBk9myaseg
1vyhD5VmyZ7KMfW5gqLgo5,4nDoRrQiYLoBzwC5BhVJzF
1vyhD5VmyZ7KMfW5gqLgo5,4iDI9qh9SzcTm6vZeTT258
1vyhD5VmyZ7KMfW5gqLgo5,2MRBDr0crHWE5JwPceFncq
1vyhD5VmyZ7KMfW5gqLgo5,1bfl0AU8SqmLkElptOprhC
1vyhD5VmyZ7KMfW5gqLgo5,3PAwspMN27PDm81WwXDsMf
1vyhD5VmyZ7KMfW5gqLgo5,4uRH0vTYaGWjG1MK8K8RPE
1vyhD5VmyZ7KMfW5gqLgo5,3NOdPmpix7Jh3q1NEfw7bE
1vyhD5VmyZ7KMfW5gqLgo5,1RBzGO6Nm3uyhUSxP7EDWO
1oMiDFyAgmIzw9ZBQYHOJI,22dFwJoRBV51ue5TGnC7Dt
1oMiDFyAgmIzw9ZBQYHOJI,3Ces1OJeGOVGcUB0wPaPXJ
1oMiDFyAgmIzw9ZBQYHOJI,1Ix5ads4niaRP9TnT08gqI
1oMiDFyAgmIzw9ZBQYHOJI,0SJeISsEAcENQ8JU6w9FPw
1oMiDFyAgmIzw9ZBQYHOJI,4F4pp8NUW08JuXwnoxglpN
1oMiDFyAgmIzw9ZBQYHOJI,6c0qylj1D1gqcUUN2P8Ofp
1oMiDFyAgmIzw9ZBQYHOJI,7pW390CJdmhakvtcGZIqGP
1oMiDFyAgmIzw9ZBQYHOJI,4llqCChMq4zPzCB84OrTck
1oMiDFyAgmIzw9ZBQYHOJI,1OhD4TIEsEd5tDtnrUU1U1
1oMiDFyAgmIzw9ZBQYHOJI,3kGiP6mQDtEZG5UD7mAlBH
1oMiDFyAgmIzw9ZBQYHOJI,1beMMikztUc77DNoiT9kIC
1oMiDFyAgmIzw9ZBQYHOJI,2Mt202HjQwUkS2KOG8anRC
1oMiDFyAgmIzw9ZBQYHOJI,7AqtQ161yX7B1509Pq0F6V
1oMiDFyAgmIzw9ZBQYHOJI,60eT7q88iLWKnuSXed1AGr
1oMiDFyAgmIzw9ZBQYHOJI,2sBUF6i5SZxdNtTJIKK0tv
1oMiDFyAgmIzw9ZBQYHOJI,6boiNkzbq1E9P5VlAUNl6a
1oMiDFyAgmIzw9ZBQYHOJI,1V4wTvEnD7W7R6wQjEETuQ
1oMiDFyAgmIzw9ZBQYHOJI,0u4YS26ubGY4nHf5F3VhnN
1oMiDFyAgmIzw9ZBQYHOJI,7vkfvTMSZcYUEMlMnMTC1I
1oMiDFyAgmIzw9ZBQYHOJI,2ye8xs4CBME3wehXEhck3W
1oMiDFyAgmIzw9ZBQYHOJI,5qnkr4yiMJnEvxZm3IFTkZ
